ID,Hora de inicio,Hora de finalización,Correo electrónico,Nombre,Column,(SD)Edad,(SD)Sexo,(SD)Estado Civil,(SD)Numero de hijos,(SD)Nivel Educativo,(SD)Zona de vivienda,(SD)Departamento ,(SD)Ciudad /Municipio,(SD)Estrato Socioeconómico,(LB)Sector Económico ,(LB)Sector empresa,(LB)Tamaño Empresa,(LB)Trabajo por turnos,(LB)Tipo de Contrato,(LB)Número de horas de trabajo semanal ,(LB)Ingreso salarial mensual ,(LB)Cargo,(LB)Personas a cargo en la empresa,(LB)Años de experiencia laboral,(LB)Antigüedad en el cargo/labor actual ,(LB)Tipo de modalidad de trabajo,(LB)Tiempo promedio de traslado al trabajo/casa al día ,(LB)Horas de formación recibidas (ultimo año),"(BM),(CT)Tengo la opción de decidir qué hago en mi trabajo.","(BM),(CT)Tengo algo que decir sobre la forma en que hago mi trabajo.","(BM),(CT)Tengo voz y voto sobre mi propio ritmo de trabajo.","(BM),(CT)Me presionan para que trabaje muchas horas.","(BM),(CT)Tengo algunos plazos de entrega inalcanzables.","(BM),(CT)Tengo presiones de tiempo poco realistas.","(BM),(CT)Tengo que descuidar algunas tareas porque tengo mucho que hacer.","(BM),(CL)Puedo confiar en mi líder para que me ayude con un problema laboral.","(BM),(CL)Si el trabajo se pone difícil, mi líder me ayudará.","(BM),(CL)Recibo la ayuda y el apoyo que necesito de mi líder.","(BM),(CL)Mi líder está dispuesto a escuchar mis problemas relacionados con el trabajo.","(BM),(CL)Siento que mi líder valora mis contribuciones a esta organización.","(BM),(CL)Mi líder me da suficiente crédito por mi trabajo duro.","(BM),(CL)Mi líder me anima en mi trabajo con elogios y agradecimientos.","(BM),(AG)Si el trabajo se pone difícil, mis compañeros de trabajo me ayudarán.","(BM),(AG)Recibo la ayuda y el apoyo que necesito de mis compañeros de trabajo.","(BM),(AG)Mis compañeros de trabajo están dispuestos a escuchar mis problemas laborales.","(BM),(CR)Tengo claro lo que se espera de mí en el trabajo.","(BM),(CR)Sé cómo hacer mi trabajo.","(BM),(CR)Tengo claro cuáles son mis deberes y responsabilidades.","(BM),(CR)Entiendo cómo mi trabajo encaja en el objetivo general de la organización.","(BM),(CR)Diferentes grupos en el trabajo me exigen cosas que son difíciles de hacer al mismo tiempo.","(BM),(CR)Diferentes personas en el trabajo esperan de mí cosas contradictorias.","(BM),(CR)Recibo solicitudes incompatibles de dos o más personas.","(BM),(CO)Me consultan sobre cambios propuestos en el trabajo.","(BM),(CO)Cuando se realizan cambios en el trabajo, tengo claro cómo funcionarán en la práctica.","(BM),(CO)Estoy claramente informado sobre la naturaleza de los cambios que se producen en esta organización.","(BM),(CO)Puedo expresar inquietudes sobre cambios que afectan mi trabajo.","(BM),(RO)En mi lugar de trabajo la salud física y mental es un prioridad de los líderes.","(BM),(RO)En mi lugar de trabajo se hacen mediciones periódicas de los niveles de salud mental de las personas.","(BM),(RO)En mi lugar de trabajo existen recursos accesibles y fáciles de usar para las necesidades relacionadas con la salud mental de las personas.","(BM),(RO)Recibo entrenamiento periódico sobre pautas para el cuidado de mi salud mental en el trabajo.","(BM),(RO)En mi lugar de trabajo se comunican claramente los resultados de las acciones implementadas para el cuidado de la salud mental de las personas.","(BM),(CP)Mi labor contribuye a la misión y visión de la empresa para la que laboro.","(BM),(CP)Me siento entusiasmado por mi trabajo.","(BM),(CP)Cuando me levanto en la mañana tengo ganas de ir a trabajar.","(BM),(DO)Me siento orgulloso de la empresa en la que laboro.","(BM),(DO)Recomendaría ampliamente a otros trabajar en la empresa en la que laboro.","(BM),(DO)Me molesta que otros hablen mal de la empresa en la que laboro.","(BM),(ST)Considero mi trabajo significativo.","(BM),(ST)Me gusta hacer las tareas y actividades de mi trabajo.","(BM),(ST)Me siento satisfecho por el salario y los beneficios que recibo en mi trabajo.","(BM),(IR)Me veo trabajando en este lugar en el próximo año.","(BM),(IR)A menudo considero seriamente dejar mi trabajo actual.","(BM),(IR)Tengo la intención de dejar mi trabajo actual en los próximos 3 a 6 meses.","(BM),(IR)He empezado a buscar activamente otro trabajo.","(BM),(FT)Las demandas de mi familia o cónyuge / pareja interfieren con las actividades relacionadas con el trabajo.","(BM),(FT)Tengo que posponer las tareas en el trabajo debido a las exigencias de mi tiempo en casa.","(BM),(FT)Las cosas que quiero hacer en el trabajo no se hacen debido a las demandas de mi familia o mi cónyuge / pareja.","(BM),(FT)Mi vida hogareña interfiere con mis responsabilidades en el trabajo, como llegar al trabajo a tiempo, realizar las tareas diarias y trabajar.","(BM),(FT)La tensión relacionada con la familia interfiere con mi capacidad para realizar tareas relacionadas con el trabajo.","(BM),(FT)Las exigencias de mi trabajo interfieren con mi hogar y mi vida familiar.","(BM),(FT)La cantidad de tiempo que ocupa mi trabajo dificulta el cumplimiento de las responsabilidades familiares.","(BM),(FT)Las cosas que quiero hacer en casa no se hacen debido a las exigencias que me impone mi trabajo.","(BM),(FT)Mi trabajo produce tensión que dificulta el cumplimiento de los deberes familiares.","(BM),(FT)Debido a deberes relacionados con el trabajo, tengo que hacer cambios en mis planes para las actividades familiares.","(BM),(SB)En mi trabajo, me siento agotado/a emocionalmente.","(BM),(SB)Al final del día de trabajo, me resulta difícil recuperar mi energía.","(BM),(SB)Me siento físicamente agotado/a en mi trabajo.","(BM),(SB)Me cuesta encontrar entusiasmo por mi trabajo.","(BM),(SB)Siento una fuerte aversión hacia mi trabajo.","(BM),(SB)Soy cínico (despreocupado) sobre lo que mi trabajo significa para los demás.","(BM),(SB)Tengo problemas para mantenerme enfocado en mi trabajo.","(BM),(SB)Cuando estoy trabajando, tengo dificultades para concentrarme.","(BM),(SB)Cometo errores en mi trabajo, porque tengo mi mente en otras cosas.","(BM),(SB)En mi trabajo, me siento incapaz de controlar mis emociones.","(BM),(SB)No me reconozco en la forma que reacciono en el trabajo.","(BM),(SB)Puedo reaccionar exageradamente sin querer.","(BM),(PA)Marque para cada uno de los pares de adjetivos dispuestos, el número que mejor se identifica.  ","(BM),(PA)2","(BM),(PA)3","(BM),(PA)4","(BM),(PA)5","(BM),(PA)6","(BM),(PA)7","(BM),(PA)8","(BM),(PA)9","(BM),(PA)10","(BM),(CP)11","(BM),(CP)12","(BM),(CP)13","(BM),(CP)14","(BM),(CP)15","(BM),(CP)16","(BM),(CP)17","(BM),(CP)18","(BM),(CP)19","(BM),(CP)20","(BM),(PE)Mi motivación por el trabajo","(BM),(PE)Mi capacidad para responder a mi cargo de trabajo ","(BM),(PE)Mi autoestima profesional","(BM),(PE)Mi confianza en mi futuro profesional","(BM),(PE)El sentido de mi trabajo","(BM),(PE)Mi estado de ánimo laboral ","(BM),(PE)Mi sensación de seguridad en el trabajo","(BM),(PE)MI eficacia profesional","(BM),(PE)Mi compromiso con el trabajo","(BM),(PE)Mis competencias profesionales","(BM),(CS)Trastornos digestivos","(BM),(CS)Dolores de cabeza","(BM),(CS)Alteraciones de sueño","(BM),(CS)Dolores de espalda","(BM),(CS)Tensiones musculares","(BM),(CD)Sobrecarga de trabajo","(BM),(CD)Desgaste emocional","(BM),(CD)Agotamiento físico","(BM),(CD)Cansancio mental ","(BM),(CA)Mal humor ","(BM),(CA)Baja realización personal","(BM),(CA)Trato distante","(BM),(CA)Frustración "
1553,2024-08-30 7:44:16,2024-08-30 8:24:52,anonymous,,"Si, autorizo",24,Hombre,4,0,Tecnológico,Urbana,Cundinamarca,Zipaquirá,2,Agroindustrial,Privado,4,0,No hay Información,,2,5,0,3,,2,1,62.0,4,4,2,2,2,2,3,2,2,2,2,2,2,2,5,3,2,7,7,7,7,3,4,4,3.240418118,6,6,7,7,1,1,2.341463415,0.0,5.0,3.0,3.0,4.0,4.0,5.0,5.0,5.0,3.0,2.0,3.0,3.0,3.0,1,1,1,1,1,1,1,3,3,5,3,3,3,2,2,1,1,1,3,2,3,4,5,6,3,6,4,4,6,6,5,6,6,6,7,7,7,7,7,5,5,7,5,5,5,3,5,2,6,6,7,7,7,4,5,7,4,4,5,6,2,4,7,5,4
1417,2024-08-29 9:39:57,2024-08-29 9:49:38,anonymous,,"Si, autorizo",31,Hombre,3,0,Bachiller,Urbana,Cundinamarca,Zipaquirá,3,Agroindustrial,Privado,4,0,No hay Información,,1,5,0,2,,2,1,37.0,7,7,4,5,2,2,4,7,7,7,7,7,3,7,1,4,3,3,7,7,7,7,7,1,3.240418118,7,3,3,1,2,3,2.341463415,2.0,2.0,5.0,5.0,5.0,5.0,5.0,3.0,3.0,0.0,5.0,5.0,0.0,5.0,3,4,7,5,7,5,5,5,5,2,1,2,3,1,1,1,1,2,1,2,2,1,5,5,6,7,5,2,6,2,6,1,2,7,7,7,4,7,7,7,7,7,6,2,7,7,7,7,7,7,7,7,1,1,1,4,4,2,2,4,1,1,2,1,1
486,2024-08-15 7:15:03,2024-08-15 7:37:43,anonymous,,"Si, autorizo",22,Mujer,3,0,Bachiller,Urbana,Cundinamarca,Zipaquirá,3,Agroindustrial,Privado,4,0,No hay Información,,2,5,0,1,,2,1,20.0,4,3,3,1,1,1,2,6,3,5,4,5,2,1,3,4,5,7,7,7,7,2,1,1,3.240418118,6,6,6,4,6,6,2.341463415,4.0,5.0,5.0,5.0,5.0,5.0,4.0,5.0,5.0,5.0,5.0,0.0,0.0,0.0,1,1,1,1,1,1,1,1,1,1,2,2,2,1,1,2,2,2,2,1,1,1,7,7,6,7,6,6,6,6,6,7,6,6,6,7,7,7,7,7,7,7,7,7,7,7,7,7,7,7,7,7,2,2,1,2,2,2,1,2,2,2,1,2,1
623,2024-08-15 9:00:33,2024-08-15 9:30:28,anonymous,,"Si, autorizo",20,Hombre,3,1,Bachiller,Urbana,Cundinamarca,Tocancipá,3,Agroindustrial,Privado,4,0,Indefinido,,2,5,1,7,,2,1,8.0,7,6,6,1,3,1,1,7,5,7,7,6,4,6,4,4,5,7,7,7,6,4,2,1,3.240418118,4,6,7,7,6,7,2.341463415,5.0,5.0,5.0,3.0,5.0,4.0,4.0,5.0,4.0,4.0,5.0,0.0,3.0,0.0,4,2,1,1,1,1,6,5,4,5,2,2,2,1,2,2,2,1,1,2,1,1,2,3,7,4,3,4,2,5,1,6,3,3,2,2,6,6,5,5,4,4,1,1,2,1,1,1,2,2,1,1,1,2,2,4,2,2,1,2,2,1,1,1,1
1495,2024-08-29 11:35:17,2024-08-29 11:58:04,anonymous,,"Si, autorizo",57,Hombre,3,0,Primaria,Urbana,Cundinamarca,Gachancipá,2,Agroindustrial,Privado,4,0,No hay Información,,2,5,0,7,,2,1,15.0,3,2,2,1,3,2,2,7,2,7,4,7,7,4,2,2,2,7,7,7,7,1,2,4,3.240418118,7,7,4,4,4,7,2.341463415,5.0,5.0,5.0,5.0,5.0,4.0,4.0,5.0,5.0,5.0,5.0,0.0,0.0,0.0,1,1,1,1,1,1,1,1,1,4,1,3,2,1,2,1,1,2,2,2,1,2,7,7,7,7,7,6,7,7,7,7,7,7,7,7,7,7,7,7,7,7,7,7,7,7,7,7,7,7,7,7,2,2,4,3,2,2,4,2,2,4,2,2,2
1108,2024-08-26 9:39:01,2024-08-26 10:10:26,anonymous,,"Si, autorizo",25,Mujer,2,2,Primaria,Urbana,Cundinamarca,Ubaté,1,Agroindustrial,Privado,4,0,No hay Información,,2,5,0,3,,2,1,17.0,6,4,2,1,6,6,2,5,4,5,5,4,4,4,2,2,3,7,6,7,7,1,1,4,3.240418118,6,6,6,6,6,4,2.341463415,1.0,5.0,4.0,3.0,3.0,5.0,0.0,5.0,3.0,3.0,5.0,0.0,0.0,0.0,4,1,1,1,1,1,3,1,1,1,3,4,3,2,3,1,1,2,2,3,5,2,5,7,7,6,6,7,7,7,7,7,7,7,6,6,7,7,7,7,7,7,6,6,5,7,7,6,7,6,7,7,1,6,2,6,6,2,2,2,2,4,2,1,2
222,2024-04-15 10:29:03,2024-04-15 10:55:32,anonymous,,"Si, autorizo",62,Mujer,2,3,Tecnológo,Urbana,BOYACÁ,Tunja,3,Otro,Público,4,0,Termino Indefinido,40.0,2,3,0,7,10.0,2,1,40.0,3,3,3,1,3,1,1,6,4,4,5,5,5,5,2,2,4,6,6,6,6,3,2,1,1.0,4,1,1,4,2,2,4.0,2.0,5.0,4.0,5.0,5.0,5.0,5.0,5.0,5.0,4.0,2.0,3.0,3.0,3.0,4,1,1,4,4,1,1,1,1,1,3,3,3,2,1,1,2,2,2,1,1,1,4,5,4,4,4,4,4,4,4,4,4,4,3,4,4,6,5,7,7,7,6,7,7,7,6,6,4,6,7,7,5,5,3,5,5,5,5,5,5,4,4,3,4
414,2024-08-08 9:16:43,2024-08-08 9:52:55,anónimo,,"Si, autorizo",25,Mujer,4,1,Bachiller,Urbana,Cundinamarca,Tocancipá,2,Agroindustrial,Privado,4,0,No hay información,,2,5,0,1,,2,1,2.0,1,1,1,1,1,1,4,1,4,4,4,1,4,4,4,1,6,7,7,7,1,1,1,7,3.240418118,7,4,7,4,6,6,2.341463415,4.0,4.0,4.0,5.0,5.0,,5.0,4.0,5.0,5.0,0.0,0.0,0.0,0.0,1,1,1,1,1,1,1,1,1,Nunca,1,1,1,1,1,1,1,1,1,1,1,1,7,7,7,7,7,7,7,7,7,7,7,7,7,7,7,7,7,7,7,7,7,6,7,7,7,7,7,7,7,7,1,1,1,4,2,1,1,1,1,1,1,1,1
1787,2024-09-26 8:01:42,2024-09-26 8:22:35,anonymous,,"Si, autorizo",29,Hombre,4,1,Bachiller,Urbana,CUNDINAMARCA,Chocontá,2,Agroindustrial,Privado,4,0,Indefinido,,2,5,0,3,,2,1,4.0,1,4,4,1,1,1,2,2,2,2,2,2,4,2,3,3,4,5,7,6,7,2,3,1,3.240418118,7,7,4,4,5,4,2.341463415,2.0,5.0,3.0,3.0,3.0,3.0,3.0,3.0,3.0,3.0,3.0,3.0,3.0,3.0,4,4,4,4,4,1,1,1,1,1,3,3,3,4,2,3,3,3,3,3,3,3,4,5,5,5,5,5,5,4,4,4,4,4,4,4,4,4,4,4,4,4,4,4,6,6,4,4,4,4,5,4,2,2,1,4,4,2,2,4,4,4,4,4,4
137,2024-04-04 14:05:51,2024-04-04 16:10:10,anonymous,,"Si, autorizo",40,Mujer,1,2,Posgrado,Urbana,BOGOTÁ D.C.,Bogota D.C.,6,Educativo,Privado,4,0,Término fijo,48.0,5,4,Sí,7,7.0,2,1,128.0,4,6,6,2,2,2,4,5,5,4,4,5,4,2,6,6,4,6,6,5,6,5,4,3,5.0,4,4,5,2,1,1,1.0,0.0,5.0,5.0,4.0,5.0,3.0,4.0,5.0,4.0,5.0,4.0,3.0,1.0,2.0,1,3,1,2,1,3,6,6,6,3,4,5,4,2,2,1,2,3,2,2,1,2,6,5,3,3,5,3,2,4,5,6,3,5,6,7,7,6,6,5,6,6,5,6,5,4,5,5,5,7,7,7,5,7,6,5,6,6,5,5,7,5,4,3,3
2223,2024-10-18 10:43:06,2024-10-18 11:11:24,anonymous,,"Si, autorizo",34,Mujer,4,2,Bachiller,Rural,CUNDINAMARCA,Chía,2,Agroindustrial,Privado,4,0,Indefinido,,1,5,0,2,,2,1,10.0,5,7,7,1,1,1,1,7,2,7,7,6,5,7,7,7,4,7,7,7,7,2,2,1,3.240418118,7,7,2,7,3,7,2.341463415,5.0,5.0,4.0,4.0,4.0,4.0,4.0,4.0,4.0,4.0,4.0,1.0,1.0,1.0,7,1,1,7,7,5,4,1,1,1,2,1,1,1,1,1,1,1,1,1,1,1,6,6,7,6,7,7,7,7,7,7,7,6,6,6,6,6,6,6,6,6,7,7,7,7,7,6,7,7,7,7,1,1,1,1,1,1,1,1,1,1,1,1,1
2070,2024-10-10 7:46:35,2024-10-10 8:03:41,anonymous,,"Si, autorizo",21,Mujer,3,0,Profesional,Urbana,CUNDINAMARCA,Zipaquirá,3,Agroindustrial,Privado,4,0,Indefinido,,3,1,0,1,,2,1,20.0,4,4,5,2,2,1,2,6,6,6,6,4,2,1,2,3,2,4,5,5,3,2,4,2,3.240418118,3,3,4,4,3,3,2.341463415,2.0,4.0,4.0,3.0,3.0,4.0,4.0,3.0,3.0,0.0,3.0,4.0,3.0,3.0,4,4,4,4,4,5,5,2,5,6,4,4,3,3,2,1,1,3,2,1,1,1,5,5,5,4,5,5,4,5,4,5,5,5,7,5,7,5,5,5,5,3,4,6,3,3,4,3,3,6,6,6,6,4,2,4,2,2,4,3,3,4,4,4,4
1512,2024-08-29 12:13:26,2024-08-29 12:51:32,anonymous,,"Si, autorizo",19,Hombre,3,0,Bachiller,Urbana,Cundinamarca,Gachancipá,2,Agroindustrial,Privado,4,0,No hay Información,,2,5,1,1,,2,1,10.0,7,6,7,1,4,4,4,4,1,4,7,4,1,6,3,4,4,7,7,7,6,1,1,1,3.240418118,4,5,4,1,4,4,2.341463415,2.0,3.0,3.0,5.0,5.0,3.0,3.0,3.0,5.0,3.0,5.0,1.0,0.0,0.0,4,4,4,4,4,4,4,4,4,4,4,3,3,5,1,1,3,3,3,1,3,3,6,6,4,6,6,6,5,6,6,6,5,5,6,5,5,6,6,6,6,6,6,6,6,6,6,6,6,6,7,6,4,1,1,4,4,4,4,4,4,1,4,4,4
1029,2024-08-22 11:39:24,2024-08-22 12:08:16,anonymous,,"Si, autorizo",23,Mujer,3,0,Bachiller,Rural,Cundinamarca,Cogua,1,Agroindustrial,Privado,4,0,No hay Información,,2,5,0,2,,2,1,15.0,7,2,1,4,1,1,4,4,3,3,3,2,4,2,2,2,4,7,7,7,7,1,1,1,3.240418118,7,7,3,2,2,2,2.341463415,0.0,5.0,4.0,3.0,5.0,5.0,4.0,5.0,4.0,5.0,2.0,4.0,0.0,5.0,5,1,1,1,1,4,1,1,1,5,3,4,4,2,1,1,1,1,1,1,1,1,5,7,6,7,5,6,7,7,7,7,7,7,7,7,6,6,6,6,6,5,5,6,6,4,6,5,7,7,7,7,1,4,6,5,4,1,1,5,1,1,1,1,1
1412,2024-08-29 9:13:00,2024-08-29 9:45:40,anonymous,,"Si, autorizo",21,Hombre,3,0,Bachiller,Urbana,Cundinamarca,Tocancipá,2,Agroindustrial,Privado,4,0,No hay Información,,2,5,0,2,,2,1,0.0,1,7,1,2,1,1,3,7,2,6,7,5,5,5,5,5,2,7,7,7,7,2,2,2,3.240418118,7,7,7,6,4,6,2.341463415,3.0,5.0,4.0,4.0,5.0,5.0,4.0,5.0,4.0,4.0,5.0,4.0,1.0,0.0,5,4,1,5,5,4,5,4,4,6,3,3,3,2,3,1,2,2,3,3,2,1,5,7,5,6,5,6,4,5,6,5,5,5,6,5,5,6,6,6,6,6,6,6,7,7,7,7,6,6,6,6,5,5,5,5,5,2,5,5,3,2,3,3,3
1304,2024-08-26 12:39:24,2024-08-26 13:11:37,anonymous,,"Si, autorizo",39,Mujer,3,3,Tecnológico,Urbana,Cundinamarca,Ubaté,2,Agroindustrial,Privado,4,0,No hay Información,,2,5,0,1,,2,1,17.0,1,1,1,4,1,4,4,7,2,4,2,2,2,2,4,6,5,6,7,7,7,4,4,4,3.240418118,7,7,4,1,1,2,2.341463415,1.0,5.0,3.0,4.0,4.0,4.0,1.0,5.0,4.0,4.0,4.0,0.0,1.0,0.0,5,1,1,3,3,3,2,2,2,3,2,3,2,2,1,1,1,1,1,1,1,1,4,2,2,2,4,2,2,5,4,5,5,3,4,4,5,4,5,5,5,5,5,5,6,6,5,6,6,5,7,6,1,2,2,4,4,4,2,2,4,2,2,1,1
1806,2024-09-26 8:07:49,2024-09-26 8:43:23,anonymous,,"Si, autorizo",19,Hombre,3,0,Bachiller,Rural,CUNDINAMARCA,Sesquilé,2,Agroindustrial,Privado,4,0,Indefinido,,2,5,0,1,,2,1,2.0,1,1,1,4,4,3,2,1,1,2,2,2,2,2,6,6,6,7,7,7,7,2,2,1,3.240418118,6,6,6,4,6,6,2.341463415,4.0,4.0,4.0,4.0,4.0,3.0,0.0,3.0,3.0,3.0,2.0,2.0,2.0,2.0,1,1,1,1,2,4,5,6,5,6,3,3,3,2,2,1,1,1,1,1,1,1,4,6,4,5,4,5,5,4,4,4,4,5,4,4,5,5,5,4,4,5,4,5,6,4,4,5,5,5,7,6,4,4,3,5,5,2,4,3,2,1,2,2,2
416,2024-08-08 9:16:55,2024-08-08 9:53:18,anónimo,,"Si, autorizo",44,Mujer,4,3,Bachiller,Rural,Cundinamarca,Sesquilé,2,Agroindustrial,Privado,4,0,No hay información,,1,5,0,5,,2,1,10.0,5,5,1,2,3,3,5,5,5,5,5,5,5,5,5,5,5,5,5,5,2,1,1,5,3.240418118,5,5,5,4,4,4,2.341463415,3.0,3.0,4.0,5.0,5.0,5.0,5.0,5.0,5.0,5.0,5.0,5.0,0.0,2.0,4,4,4,4,4,4,4,4,4,Alguna Veces,3,2,3,3,1,1,3,3,2,2,2,2,7,7,7,7,7,7,7,7,7,7,7,7,7,7,7,7,7,7,7,7,7,6,6,7,7,7,7,7,7,7,4,4,4,4,4,4,4,4,2,4,4,4,1
1313,2024-08-26 13:08:39,2024-08-26 13:28:38,anonymous,,"Si, autorizo",30,Hombre,3,0,Bachiller,Urbana,Cundinamarca,Ubaté,1,Agroindustrial,Privado,4,0,No hay Información,,1,5,0,1,,2,1,4.0,3,2,2,1,1,3,1,4,1,5,5,2,3,2,2,3,2,7,7,7,3,5,6,5,3.240418118,5,6,1,4,2,2,2.341463415,1.0,5.0,0.0,5.0,4.0,5.0,5.0,1.0,5.0,5.0,5.0,2.0,2.0,2.0,1,2,2,2,6,7,2,6,6,6,3,3,3,3,2,1,1,1,1,1,1,1,3,4,4,3,2,3,3,3,2,1,3,4,5,5,6,7,6,6,4,6,4,4,3,7,3,3,4,3,6,6,4,4,4,7,4,2,4,4,6,2,4,6,1
2043,2024-09-27 10:32:48,2024-09-27 11:09:35,anonymous,,"Si, autorizo",56,Mujer,3,2,Bachiller,Rural,CUNDINAMARCA,Zipaquirá,2,Agroindustrial,Privado,4,0,Indefinido,,2,5,0,7,,2,1,15.0,2,3,2,1,1,1,1,3,3,3,7,7,3,3,2,3,3,7,7,7,3,3,2,1,3.240418118,3,3,2,3,3,2,2.341463415,5.0,5.0,5.0,5.0,5.0,5.0,5.0,5.0,5.0,3.0,5.0,0.0,1.0,0.0,4,1,1,1,1,2,3,4,4,4,2,3,3,2,1,1,1,3,2,3,3,1,7,7,7,5,6,5,5,7,7,7,4,4,5,5,5,7,7,5,5,7,7,5,6,7,7,7,7,7,7,5,1,4,4,4,4,1,4,4,1,1,1,1,1
309,2024-08-08 7:14:16,2024-08-08 7:44:09,anónimo,,"Si, autorizo",44,Mujer,4,3,Técnico,Urbana,Cundinamarca,Zipaquirá,2,Agroindustrial,Privado,4,0,No hay información,,2,1,1,6,,2,1,20.0,6,6,1,1,2,2,6,6,6,7,7,7,7,2,2,2,7,7,7,7,2,2,4,6,3.240418118,4,4,6,6,6,5,2.341463415,5.0,4.0,4.0,5.0,5.0,5.0,5.0,5.0,4.0,5.0,4.0,0.0,3.0,0.0,1,1,1,1,4,1,1,1,1,Alguna Veces,4,3,2,2,1,1,1,1,2,1,1,1,6,6,5,5,6,6,6,6,6,5,6,6,6,6,6,6,6,6,6,6,6,6,6,6,6,5,6,7,7,7,4,4,3,5,4,4,5,3,6,3,4,4,4
560,2024-08-15 7:45:21,2024-08-15 8:14:56,anonymous,,"Si, autorizo",46,Mujer,4,3,Bachiller,Urbana,Cundinamarca,Zipaquirá,2,Agroindustrial,Privado,4,0,Indefinido,45.0,1,5,0,7,,2,1,40.0,3,7,2,6,1,2,1,2,3,4,2,3,4,3,2,3,2,4,7,7,7,1,7,2,3.240418118,4,2,3,5,2,2,2.341463415,2.0,5.0,5.0,5.0,5.0,5.0,5.0,5.0,5.0,5.0,5.0,0.0,0.0,0.0,1,1,4,1,2,2,2,1,3,2,2,2,3,1,1,1,1,1,2,1,1,1,7,7,7,7,7,7,7,7,7,7,7,7,7,7,7,7,7,7,7,7,7,7,6,7,6,7,7,6,7,7,2,2,1,2,4,1,1,2,2,2,1,1,1
58,2024-04-10 19:45:46,2024-04-10 20:02:34,anonymous,,"Si, autorizo",56,Mujer,4,1,Profesional,Urbana,BOGOTÁ D.C.,Bogota D.C.,5,Salud,Privado,1,0,Presentación de servicios,25.0,1,1,0,6,1.0,2,1,10.0,5,6,7,3,1,1,1,7,7,7,6,6,6,6,4,4,5,7,6,7,7,2,2,2,6.0,7,7,7,6,4,2,4.0,1.0,5.0,5.0,5.0,5.0,5.0,5.0,5.0,5.0,3.0,5.0,2.0,0.0,0.0,1,1,1,1,6,1,1,1,1,1,2,2,1,1,1,1,1,1,2,2,2,2,5,6,6,6,6,7,7,7,7,7,7,7,7,7,7,7,7,6,6,7,6,7,7,7,7,6,7,7,7,7,2,2,2,2,2,1,2,2,2,2,2,1,2
520,2024-08-15 7:16:15,2024-08-15 7:53:38,anonymous,,"Si, autorizo",26,Mujer,4,1,Primaria,Urbana,Cundinamarca,Chocontá,1,Agroindustrial,Privado,4,0,No hay Información,,2,5,0,2,,2,1,8.0,2,6,6,1,3,2,1,7,7,6,7,6,5,4,6,6,4,6,7,7,4,2,1,2,3.240418118,4,5,4,7,4,4,2.341463415,2.0,5.0,5.0,3.0,5.0,5.0,5.0,5.0,5.0,5.0,5.0,0.0,0.0,0.0,1,4,1,7,5,3,3,3,1,5,3,1,2,2,4,1,1,2,1,2,1,1,7,7,7,6,6,7,6,6,7,7,7,6,6,6,6,7,7,7,7,7,6,6,6,5,6,6,7,6,7,6,3,4,4,4,4,2,4,4,4,4,1,1,1
73,2024-04-29 22:04:15,2024-04-29 22:14:06,anonymous,,"Si, autorizo",45,Hombre,1,2,Tecnológico,Urbana,BOGOTÁ D.C.,Bogota D.C.,2,Comercio,Privado,4,1,Indefinido,54.0,1,5,0,7,1.0,2,1,10.0,1,1,2,2,6,6,6,2,1,2,2,2,2,3,1,1,2,7,7,7,7,2,2,1,1.0,3,3,3,1,1,1,1.0,0.0,2.0,3.0,4.0,3.0,2.0,0.0,5.0,4.0,0.0,0.0,5.0,5.0,5.0,1,1,1,1,1,5,5,4,5,6,5,5,5,5,4,5,5,4,3,4,5,5,1,3,4,1,4,5,1,2,1,1,2,2,1,3,3,3,2,2,3,3,1,5,1,1,2,3,4,2,4,4,1,6,6,6,6,6,7,6,7,6,5,6,7
1196,2024-08-26 11:36:28,2024-08-26 12:07:57,anonymous,,"Si, autorizo",34,Mujer,3,1,Bachiller,Urbana,Cundinamarca,Ubaté,1,Agroindustrial,Privado,4,0,No hay Información,,2,5,0,4,,2,1,17.0,1,1,2,1,6,3,3,3,4,4,4,2,3,5,2,2,2,4,7,7,2,1,2,2,3.240418118,6,6,3,7,7,7,2.341463415,4.0,5.0,4.0,1.0,4.0,3.0,1.0,4.0,4.0,0.0,3.0,3.0,0.0,1.0,5,5,5,2,2,3,3,4,5,3,4,4,4,2,2,3,2,2,2,3,3,3,4,6,5,5,4,6,4,5,6,5,7,4,4,4,3,5,4,5,3,4,5,6,4,3,5,5,6,5,7,3,6,4,4,6,5,4,4,4,3,3,4,2,3
1536,2024-08-30 7:48:32,2024-08-30 8:14:55,anonymous,,"Si, autorizo",32,Hombre,4,2,Bachiller,Rural,Cundinamarca,Zipaquirá,3,Agroindustrial,Privado,4,0,No hay Información,,2,5,0,3,,2,1,62.0,7,4,7,1,1,1,1,7,7,7,7,7,7,7,7,7,7,7,7,7,7,1,1,1,3.240418118,4,7,4,7,7,7,2.341463415,5.0,5.0,5.0,5.0,5.0,5.0,5.0,5.0,5.0,5.0,5.0,0.0,0.0,0.0,7,1,1,1,1,1,1,1,2,1,1,1,1,1,1,1,1,1,1,1,1,2,7,7,7,7,7,7,7,7,7,7,7,7,7,7,7,7,7,7,7,7,7,7,7,7,7,7,7,7,7,7,2,2,2,4,2,1,1,2,1,2,1,1,1
1116,2024-08-26 9:36:25,2024-08-26 10:11:49,anonymous,,"Si, autorizo",39,Mujer,3,2,Bachiller,Urbana,Cundinamarca,Ubaté,1,Agroindustrial,Privado,4,0,No hay Información,,2,5,0,2,,2,1,17.0,4,7,7,2,1,3,1,7,7,6,7,7,4,3,2,4,1,7,7,7,6,2,1,1,3.240418118,6,7,4,4,4,7,2.341463415,4.0,5.0,5.0,4.0,5.0,5.0,5.0,5.0,3.0,4.0,5.0,0.0,0.0,0.0,4,1,2,3,5,3,3,3,2,6,1,3,2,1,1,1,2,2,2,2,1,1,6,6,6,7,6,6,6,6,6,6,6,6,6,6,6,6,6,6,6,6,6,6,6,6,6,6,6,6,7,7,2,2,2,2,2,2,2,6,2,2,1,1,2
1815,2024-09-26 8:13:18,2024-09-26 8:47:36,anonymous,,"Si, autorizo",40,Mujer,4,3,Bachiller,Urbana,CUNDINAMARCA,Sesquilé,2,Agroindustrial,Privado,4,0,Indefinido,,2,5,0,4,,2,1,10.0,4,4,4,1,1,1,4,7,4,7,7,4,7,4,4,4,4,4,4,7,7,1,1,1,3.240418118,4,4,4,4,4,4,2.341463415,2.0,5.0,4.0,3.0,3.0,3.0,0.0,2.0,0.0,1.0,1.0,0.0,5.0,1.0,3,1,1,1,1,1,1,1,1,1,1,1,3,3,3,1,1,1,3,1,1,1,4,6,7,4,5,7,6,6,7,7,5,5,4,5,5,5,7,7,6,7,6,6,7,6,5,6,6,5,6,4,1,1,1,1,7,1,1,1,1,1,1,1,1
360,2024-08-08 8:12:21,2024-08-08 8:40:55,anónimo,,"Si, autorizo",51,Mujer,1,2,Profesional,Urbana,Cundinamarca,Zipaquirá,2,Agroindustrial,Privado,4,0,Indefinido,,2,1,1,6,,2,1,20.0,4,7,1,2,1,2,5,5,4,7,7,7,7,1,4,2,7,7,7,7,7,4,4,4,3.240418118,4,3,7,4,3,3,2.341463415,5.0,5.0,5.0,5.0,5.0,4.0,5.0,5.0,4.0,5.0,1.0,0.0,0.0,0.0,1,1,1,1,1,1,1,1,4,Raramente,3,2,1,1,1,1,1,1,1,1,1,1,6,7,7,7,7,7,7,7,7,7,7,7,7,7,7,7,7,7,7,7,7,7,7,7,7,7,7,7,7,7,1,2,1,3,4,3,2,2,4,4,1,1,1
182,2024-04-11 0:02:55,2024-04-11 0:30:24,anonymous,,"Si, autorizo",49,Hombre,1,2,Posgrado,Urbana,BOYACÁ,Tunja,3,Gobierno,Público,2,0,Termino Indefinido,40.0,3,6,0,4,3.0,2,1,120.0,4,4,4,3,3,2,4,7,7,7,6,6,7,7,2,3,3,3,6,7,7,4,4,3,3.0,4,4,5,3,4,4,5.0,3.0,3.0,5.0,5.0,5.0,5.0,5.0,5.0,5.0,5.0,5.0,0.0,0.0,0.0,4,1,1,1,1,1,1,1,1,1,1,1,1,1,1,1,1,1,1,1,1,1,7,7,7,7,7,7,7,7,7,7,7,6,7,7,7,7,7,7,7,7,7,7,7,7,7,7,7,7,7,7,1,1,1,2,2,2,4,2,2,1,1,1,2
700,2024-08-15 10:19:35,2024-08-15 10:57:26,anonymous,,"Si, autorizo",36,Mujer,3,2,Bachiller,Rural,Cundinamarca,Tocancipá,1,Agroindustrial,Privado,4,0,No hay Información,,2,5,0,1,,2,1,20.0,7,7,7,1,2,1,1,7,7,7,7,7,7,7,6,7,1,7,7,7,7,1,7,1,3.240418118,7,7,1,7,7,7,2.341463415,5.0,5.0,5.0,5.0,5.0,5.0,5.0,5.0,5.0,5.0,5.0,5.0,5.0,0.0,3,7,1,1,1,1,7,1,1,1,3,3,1,1,1,1,1,1,1,5,1,3,6,6,6,6,6,1,6,7,7,7,7,7,7,7,7,7,7,7,7,7,7,7,7,7,7,7,7,7,7,7,1,1,1,4,7,1,4,4,4,1,1,1,1
1864,2024-09-26 9:59:05,2024-09-26 10:17:33,anonymous,,"Si, autorizo",57,Hombre,5,2,Bachiller,Rural,CUNDINAMARCA,Suesca,2,Agroindustrial,Privado,4,0,Indefinido,,2,5,0,7,,2,1,10.0,4,7,7,1,1,1,1,7,7,7,7,7,7,7,4,7,1,7,7,7,7,4,2,2,3.240418118,7,7,7,7,7,7,2.341463415,5.0,5.0,5.0,5.0,5.0,5.0,0.0,5.0,5.0,5.0,5.0,0.0,0.0,0.0,1,1,1,1,1,1,1,1,1,1,1,5,1,1,1,3,1,1,1,1,1,1,7,7,7,7,7,7,7,7,7,7,7,7,7,7,7,7,7,7,7,7,1,1,1,1,1,1,1,1,1,1,1,4,1,4,1,1,1,1,1,1,1,1,1
1566,2024-08-30 7:54:25,2024-08-30 8:37:19,anonymous,,"Si, autorizo",27,Mujer,3,3,Primaria,Urbana,Cundinamarca,Zipaquirá,1,Agroindustrial,Privado,4,0,No hay Información,,2,5,1,3,,2,1,10.0,1,1,1,1,1,1,1,7,7,7,7,7,7,7,7,4,1,7,7,7,7,1,1,1,3.240418118,7,7,7,7,4,7,2.341463415,5.0,5.0,0.0,5.0,5.0,5.0,5.0,0.0,5.0,5.0,5.0,0.0,0.0,0.0,6,6,6,6,1,1,1,1,1,1,1,1,1,1,1,5,1,1,1,1,1,1,7,7,7,7,7,7,7,7,7,7,7,7,7,7,7,7,7,7,7,7,7,7,7,7,7,7,7,7,7,7,1,1,1,1,1,1,1,1,1,1,1,1,1
491,2024-08-15 7:10:54,2024-08-15 7:42:29,anonymous,,"Si, autorizo",26,Hombre,4,2,Primaria,Urbana,Cundinamarca,Tocancipá,2,Agroindustrial,Privado,4,0,No hay Información,,1,5,0,2,,2,1,8.0,1,6,7,1,1,1,2,7,2,7,7,7,7,7,7,7,7,7,7,7,7,1,1,1,3.240418118,7,7,7,7,7,7,2.341463415,5.0,5.0,5.0,5.0,5.0,5.0,5.0,4.0,1.0,3.0,5.0,0.0,0.0,0.0,1,1,1,1,1,1,1,4,5,7,3,1,1,1,1,1,3,3,3,3,3,3,7,7,7,6,5,7,4,5,5,5,5,5,5,5,7,5,5,7,5,5,7,6,7,7,6,7,6,6,7,1,1,4,4,4,1,4,4,7,4,6,1,1,4
686,2024-08-15 10:35:06,2024-08-15 10:47:49,anonymous,,"Si, autorizo",56,Mujer,1,2,Primaria,Urbana,Cundinamarca,Zipaquirá,1,Agroindustrial,Privado,4,0,No hay Información,,2,5,0,4,,2,1,4.0,3,6,6,1,1,1,1,7,7,7,7,7,3,3,3,4,7,7,7,7,7,1,1,1,3.240418118,7,7,4,4,4,4,2.341463415,2.0,5.0,5.0,5.0,5.0,5.0,5.0,5.0,5.0,5.0,3.0,3.0,3.0,0.0,1,1,1,1,1,1,1,1,1,3,1,1,1,1,1,1,1,1,1,1,1,1,7,7,7,7,7,7,7,7,7,6,6,6,6,6,6,7,7,7,7,7,7,6,6,7,7,7,7,7,7,7,1,1,1,1,1,1,1,1,1,1,1,1,1
428,2024-08-08 9:17:33,2024-08-08 10:00:18,anónimo,,"Si, autorizo",57,Mujer,1,5,Bachiller,Urbana,Cundinamarca,Tocancipá,2,Agroindustrial,Privado,4,0,No hay información,,2,5,0,7,,2,1,10.0,1,1,2,2,2,3,5,3,3,4,3,2,2,2,2,3,7,7,7,7,2,1,1,7,3.240418118,7,7,1,5,7,7,2.341463415,5.0,5.0,5.0,5.0,5.0,0.0,5.0,5.0,0.0,,4.0,5.0,4.0,0.0,1,1,3,3,1,2,2,3,3,Raramente,2,2,2,2,1,1,1,1,1,1,1,1,6,6,6,1,1,1,1,1,1,1,1,1,1,1,1,1,1,1,1,1,7,7,7,7,7,7,7,7,7,7,2,4,4,5,5,4,4,4,4,1,1,1,1
441,2024-08-08 10:07:21,2024-08-08 10:38:40,anónimo,,"Si, autorizo",35,Hombre,4,0,Bachiller,Urbana,Cundinamarca,Zipaquirá,1,Agroindustrial,Privado,4,0,No hay información,,2,5,0,4,,2,1,15.0,3,2,1,1,1,1,7,7,7,7,7,7,7,7,7,7,7,7,7,7,1,2,1,4,3.240418118,7,2,7,7,7,7,2.341463415,5.0,5.0,5.0,5.0,5.0,5.0,5.0,5.0,5.0,5.0,0.0,0.0,0.0,0.0,1,1,1,1,1,1,1,1,1,Nunca,1,1,1,1,1,1,1,2,1,1,3,3,7,7,7,7,7,7,7,7,7,7,7,7,7,7,7,7,7,7,7,7,7,7,7,7,7,7,7,7,7,7,4,4,2,2,4,1,1,1,1,1,1,1,1
2123,2024-10-10 10:50:46,2024-10-10 11:30:19,anonymous,,"Si, autorizo",25,Hombre,1,1,Primaria,Urbana,CUNDINAMARCA,Zipaquirá,1,Agroindustrial,Privado,4,0,Indefinido,,1,5,0,1,,2,1,80.0,1,3,3,1,1,3,3,7,7,7,7,7,7,7,7,7,7,7,7,7,7,1,1,1,3.240418118,7,7,7,7,5,6,2.341463415,5.0,5.0,5.0,5.0,5.0,5.0,5.0,5.0,5.0,5.0,5.0,0.0,0.0,0.0,1,1,1,1,1,1,4,1,1,5,1,1,1,1,1,1,1,2,1,1,1,1,7,7,7,7,7,7,7,7,7,7,7,7,7,7,7,7,7,7,7,7,7,7,7,7,7,7,7,7,7,7,1,1,1,2,1,1,1,1,1,1,1,1,1
845,2024-08-16 9:46:17,2024-08-16 10:22:06,anonymous,,"Si, autorizo",31,Hombre,4,2,Bachiller,Rural,Cundinamarca,Zipaquirá,3,Agroindustrial,Privado,4,0,No hay Información,,2,5,0,4,,2,1,3.0,3,4,7,2,1,2,3,2,3,2,3,3,3,2,2,2,1,7,7,7,7,2,2,2,3.240418118,7,7,4,4,4,6,2.341463415,2.0,5.0,5.0,5.0,5.0,5.0,5.0,5.0,5.0,4.0,5.0,0.0,0.0,0.0,4,4,4,4,4,4,4,4,4,4,3,3,3,3,2,1,1,1,1,1,1,1,7,7,7,7,7,7,7,7,7,7,7,7,7,7,7,7,7,6,7,7,7,7,7,7,7,7,6,7,7,7,4,1,4,1,1,4,4,4,4,1,1,1,1
288,2024-04-29 22:04:15,2024-04-29 22:14:06,anonymous,,"Si, autorizo",45,Hombre,1,2,Tecnológico,Urbana,BOGOTÁ D.C.,Bogota D.C.,2,Comercio,Privado,4,1,Indefinido,54.0,1,5,0,7,1.0,2,1,10.0,1,1,2,2,6,6,6,2,1,2,2,2,2,3,1,1,2,7,7,7,7,2,2,1,1.0,3,3,3,1,1,1,1.0,0.0,2.0,3.0,4.0,3.0,2.0,0.0,5.0,4.0,0.0,0.0,5.0,5.0,5.0,1,1,1,1,1,5,5,4,5,6,5,5,5,5,4,5,5,4,3,4,5,5,1,3,4,1,4,5,1,2,1,1,2,2,1,3,3,3,2,2,3,3,1,5,1,1,2,3,4,2,4,4,1,6,6,6,6,6,7,6,7,6,5,6,7
2228,2024-10-18 10:45:00,2024-10-18 11:20:00,anonymous,,"Si, autorizo",20,Hombre,3,0,Bachiller,Urbana,CUNDINAMARCA,Chía,3,Agroindustrial,Privado,4,0,Indefinido,,1,5,1,1,,2,1,10.0,1,4,4,1,1,1,1,7,6,7,7,7,7,7,4,6,6,7,7,7,6,1,1,1,3.240418118,6,6,7,4,6,7,2.341463415,4.0,5.0,5.0,5.0,5.0,5.0,4.0,4.0,5.0,5.0,4.0,1.0,1.0,1.0,3,5,3,6,3,3,3,3,3,5,1,1,2,1,1,1,1,1,1,1,1,1,7,7,7,7,7,7,7,7,7,7,7,7,7,7,7,7,7,7,7,7,7,7,7,7,7,7,7,7,7,7,1,2,2,1,2,1,1,2,1,1,2,4,1
513,2024-08-15 7:23:43,2024-08-15 7:51:37,anonymous,,"Si, autorizo",44,Mujer,3,1,Primaria,Urbana,Cundinamarca,Tocancipá,1,Agroindustrial,Privado,4,0,Indefinido,,2,5,0,6,,2,1,8.0,1,1,1,1,1,1,1,1,1,1,1,3,3,1,1,3,1,1,3,3,3,3,3,3,3.240418118,3,3,3,3,3,3,2.341463415,2.0,,,,,,,,,,,,,,4,4,4,4,4,4,4,4,4,4,3,1,3,3,3,3,1,1,3,1,1,3,4,7,6,6,6,6,6,6,7,6,6,6,6,6,6,6,7,6,6,6,6,6,6,6,6,6,6,6,7,6,4,4,4,4,4,4,4,4,1,4,1,1,4
1527,2024-08-30 7:45:08,2024-08-30 8:09:55,anonymous,,"Si, autorizo",27,Mujer,3,1,Primaria,Rural,Cundinamarca,Zipaquirá,2,Agroindustrial,Privado,4,0,No hay Información,,2,5,0,4,,2,1,15.0,1,3,1,1,1,1,3,3,3,3,7,7,1,7,2,3,1,7,7,7,3,3,3,3,3.240418118,7,7,3,3,7,7,2.341463415,2.0,5.0,5.0,5.0,5.0,5.0,0.0,5.0,5.0,5.0,5.0,2.0,0.0,0.0,5,5,5,5,6,6,6,5,6,5,5,5,1,5,2,1,1,5,1,5,1,5,4,5,6,3,4,5,3,4,4,6,5,4,3,5,5,5,3,4,3,4,5,6,5,6,6,5,5,2,5,2,1,2,2,2,2,1,5,7,7,2,1,1,2
770,2024-08-16 8:36:27,2024-08-16 8:56:12,anonymous,,"Si, autorizo",28,Mujer,3,0,Bachiller,Rural,Cundinamarca,Gachancipá,1,Agroindustrial,Privado,4,0,No hay Información,,2,5,0,2,,2,1,46.0,5,6,7,1,2,2,2,6,6,7,6,6,6,7,5,7,6,7,4,7,6,1,2,1,3.240418118,4,6,5,5,6,7,2.341463415,5.0,4.0,5.0,5.0,5.0,5.0,4.0,5.0,5.0,5.0,5.0,0.0,0.0,0.0,5,1,1,5,5,3,1,1,1,5,2,1,2,3,2,1,1,2,3,1,2,2,7,7,7,7,7,7,5,7,7,7,7,6,7,7,6,7,7,7,7,7,6,6,5,7,7,6,7,7,7,7,4,2,4,4,1,1,1,2,2,4,2,1,2
1733,2024-08-30 10:25:05,2024-08-30 11:25:26,anonymous,,"Si, autorizo",26,Hombre,4,1,Bachiller,Urbana,CUNDINAMARCA,Zipaquirá,1,Agroindustrial,Privado,4,0,Indefinido,,1,5,0,4,,2,1,10.0,1,7,7,1,1,1,1,7,7,7,7,7,7,7,7,7,7,7,7,7,7,1,1,1,3.240418118,7,6,6,1,1,1,2.341463415,5.0,5.0,5.0,5.0,5.0,5.0,5.0,5.0,5.0,5.0,5.0,0.0,0.0,0.0,1,1,1,1,7,1,1,1,1,1,1,1,1,1,1,1,1,1,1,1,1,1,7,7,7,7,7,7,7,7,7,7,7,7,7,7,7,7,7,7,7,7,7,7,7,7,7,7,7,7,7,7,1,4,1,1,1,1,1,1,1,1,1,1,1
968,2024-08-22 10:05:01,2024-08-22 10:31:30,anonymous,,"Si, autorizo",33,Hombre,4,1,Bachiller,Urbana,Cundinamarca,Cogua,1,Agroindustrial,Privado,4,0,No hay Información,,1,5,0,3,,2,1,12.0,4,6,6,1,1,1,1,6,6,6,6,6,2,2,6,4,2,7,7,7,7,1,1,1,3.240418118,7,7,7,7,6,6,2.341463415,4.0,5.0,5.0,5.0,5.0,5.0,4.0,5.0,5.0,5.0,5.0,0.0,0.0,0.0,1,1,1,1,1,1,1,1,1,1,1,1,1,2,1,1,1,2,1,1,1,1,7,7,7,7,7,7,7,7,7,7,7,7,7,7,7,6,7,7,7,7,7,7,7,7,7,7,7,7,7,7,2,2,2,3,3,1,1,1,4,2,2,2,1
1348,2024-08-29 7:08:28,2024-08-29 7:53:16,anonymous,,"Si, autorizo",23,Mujer,3,0,Técnico,Urbana,Cundinamarca,Zipaquirá,1,Agroindustrial,Privado,4,0,No hay Información,,2,5,0,2,,2,1,5.0,2,1,1,3,1,1,1,7,5,4,2,4,1,2,5,4,4,1,7,7,7,2,2,1,3.240418118,6,1,1,1,4,4,2.341463415,1.0,5.0,5.0,4.0,4.0,5.0,2.0,5.0,5.0,5.0,5.0,1.0,0.0,1.0,3,2,1,2,1,1,1,1,1,2,3,3,2,1,1,1,3,2,2,2,1,1,5,7,4,6,5,7,6,6,4,5,4,5,7,5,6,6,6,7,6,7,6,5,7,7,6,5,6,7,7,7,4,6,3,6,6,2,4,6,6,4,4,6,4
99,2024-04-25 10:59:44,2024-04-25 11:29:10,anonymous,,"Si, autorizo",20,Hombre,3,0,Tecnológico,Rural,CUNDINAMARCA,Cogua,3,Otro,Privado,3,0,Indefinido,50.0,2,1,0,2,1.0,2,1,0.0,1,2,3,4,5,5,5,4,5,5,5,5,3,3,5,5,5,5,5,5,6,3,2,2,2.0,2,2,3,1,2,2,2.0,0.0,4.0,2.0,2.0,2.0,1.0,2.0,1.0,3.0,1.0,1.0,5.0,4.0,4.0,3,1,1,1,1,5,4,4,5,5,3,4,2,4,3,1,1,1,3,1,1,1,3,5,4,1,4,3,3,3,3,2,2,4,4,4,4,4,6,6,4,4,3,6,6,2,3,4,5,4,5,5,5,4,3,3,4,5,3,4,5,4,4,4,2
1762,2024-09-26 7:43:59,2024-09-26 8:06:07,anonymous,,"Si, autorizo",51,Mujer,4,2,Bachiller,Urbana,CUNDINAMARCA,Villapinzon,3,Agroindustrial,Privado,4,0,Indefinido,,2,5,0,7,,2,1,15.0,3,4,4,1,1,2,1,7,7,7,7,6,4,7,4,4,2,7,7,7,7,1,4,3,3.240418118,6,7,6,6,6,4,2.341463415,5.0,5.0,5.0,5.0,5.0,5.0,5.0,5.0,5.0,4.0,5.0,3.0,5.0,0.0,3,1,1,1,1,1,1,1,1,5,2,2,3,1,1,1,1,1,1,1,1,1,6,5,5,5,6,5,5,5,5,5,5,5,5,6,6,5,6,5,6,6,7,6,6,6,6,6,7,6,7,6,4,4,4,2,4,2,2,4,4,4,4,4,4
2208,2024-10-18 10:02:21,2024-10-18 10:44:53,anonymous,,"Si, autorizo",31,Hombre,3,0,Técnico,Urbana,CUNDINAMARCA,Chía,2,Agroindustrial,Privado,4,0,Indefinido,,2,5,0,1,,2,1,13.0,1,3,3,2,2,2,3,6,6,6,6,4,6,6,2,2,2,5,6,6,7,3,2,2,3.240418118,4,4,3,5,4,4,2.341463415,2.0,4.0,5.0,5.0,4.0,5.0,4.0,4.0,5.0,3.0,4.0,0.0,0.0,0.0,1,1,1,1,1,1,1,1,1,1,2,2,3,1,1,1,2,2,2,2,2,2,6,4,6,6,6,6,6,5,5,6,6,6,6,6,4,6,6,5,5,5,6,6,6,6,6,6,6,6,6,6,4,4,2,4,4,2,4,4,4,2,4,2,2
1183,2024-08-26 11:22:25,2024-08-26 11:47:42,anonymous,,"Si, autorizo",39,Mujer,3,0,Bachiller,Rural,Cundinamarca,Ubaté,2,Agroindustrial,Privado,4,0,No hay Información,,2,5,0,5,,2,1,17.0,1,2,4,1,1,1,2,6,4,6,7,3,4,4,2,2,3,7,7,7,7,4,4,2,3.240418118,5,3,4,4,5,3,2.341463415,2.0,5.0,5.0,5.0,5.0,5.0,5.0,5.0,5.0,4.0,5.0,4.0,0.0,0.0,1,1,1,3,1,1,1,1,1,1,1,3,3,1,1,2,1,1,2,1,1,1,7,7,7,7,5,7,7,7,7,7,7,7,7,7,7,7,7,7,7,7,6,6,7,7,7,7,7,7,7,7,4,4,2,3,6,4,4,4,2,1,1,1,1
1372,2024-08-29 7:30:21,2024-08-29 8:06:56,anonymous,,"Si, autorizo",21,Hombre,3,0,Bachiller,Rural,Cundinamarca,Tocancipá,1,Agroindustrial,Privado,4,0,No hay Información,,2,5,0,2,,2,1,3.0,1,1,4,1,1,1,4,4,4,4,5,4,1,4,4,4,2,7,7,7,7,4,4,2,3.240418118,4,4,4,7,4,3,2.341463415,2.0,4.0,5.0,3.0,5.0,5.0,5.0,5.0,5.0,4.0,4.0,1.0,1.0,0.0,3,6,2,6,3,3,2,2,3,3,3,4,3,3,1,2,3,1,3,3,3,2,4,6,4,5,4,4,4,3,4,4,4,2,4,5,5,4,5,5,4,5,6,6,6,5,4,5,5,4,6,4,1,2,1,3,4,4,4,6,4,2,2,4,2
484,2024-08-15 7:05:57,2024-08-15 7:33:25,anonymous,,"Si, autorizo",22,Hombre,3,0,Bachiller,Urbana,Cundinamarca,Tocancipá,3,Agroindustrial,Privado,4,0,No hay Información,,1,5,0,1,,2,1,8.0,3,3,3,1,1,1,1,7,1,3,7,7,3,7,7,7,7,7,6,6,6,6,6,2,3.240418118,6,6,6,6,6,6,2.341463415,5.0,1.0,5.0,5.0,5.0,5.0,4.0,5.0,5.0,2.0,2.0,0.0,2.0,2.0,1,1,1,1,5,2,1,2,6,2,3,3,3,3,3,3,3,3,3,3,3,3,6,6,6,6,6,6,6,6,6,6,6,6,6,6,6,6,6,6,6,6,5,5,5,6,6,6,6,6,6,6,2,2,2,4,4,4,4,4,4,4,2,6,2
1004,2024-08-22 9:55:00,2024-08-22 10:51:28,anonymous,,"Si, autorizo",26,Hombre,3,1,Técnico,Rural,Cundinamarca,Tocancipá,1,Agroindustrial,Privado,4,0,No hay Información,,2,5,0,2,,2,1,13.0,3,6,4,1,1,1,1,7,7,7,7,7,6,6,3,5,2,7,7,7,7,1,1,1,3.240418118,7,7,3,7,7,7,2.341463415,5.0,5.0,5.0,5.0,5.0,4.0,3.0,5.0,4.0,5.0,5.0,0.0,0.0,0.0,1,1,1,1,1,1,1,1,1,1,1,5,1,5,1,1,1,1,1,5,3,1,6,7,6,7,6,6,7,7,7,7,7,7,7,7,7,7,7,7,7,7,6,7,6,7,7,7,7,6,7,7,1,4,4,1,4,1,4,3,3,1,2,4,1
1465,2024-08-29 11:07:22,2024-08-29 11:37:37,anonymous,,"Si, autorizo",36,Mujer,2,2,Bachiller,Urbana,Cundinamarca,Zipaquirá,1,Agroindustrial,Privado,4,0,No hay Información,,2,5,0,3,,2,1,15.0,4,4,7,1,4,3,4,4,4,4,7,7,4,4,2,2,1,7,7,7,7,1,6,6,3.240418118,6,7,3,4,3,4,2.341463415,5.0,4.0,5.0,4.0,5.0,5.0,5.0,5.0,5.0,3.0,5.0,0.0,0.0,0.0,3,3,4,6,3,2,2,2,2,6,3,3,3,1,1,1,1,1,1,1,1,2,6,6,6,6,6,6,5,5,6,6,6,6,6,6,6,6,6,6,6,7,6,5,5,6,6,7,6,6,7,6,1,6,1,4,4,1,1,4,4,1,1,4,4
561,2024-08-15 8:11:18,2024-08-15 8:27:27,anonymous,,"Si, autorizo",22,Mujer,4,2,Bachiller,Urbana,Cundinamarca,Zipaquirá,2,Agroindustrial,Privado,4,0,No hay Información,,2,5,0,2,,2,1,480.0,2,6,6,1,1,1,2,6,6,6,6,6,7,7,7,7,2,7,7,7,7,1,1,1,3.240418118,6,6,6,6,2,2,2.341463415,2.0,5.0,5.0,5.0,5.0,5.0,3.0,5.0,5.0,5.0,5.0,0.0,0.0,0.0,1,3,1,1,1,1,1,1,1,5,3,3,2,2,1,1,1,2,1,1,1,1,7,7,7,7,7,7,7,7,7,7,7,7,7,7,7,7,7,7,7,7,7,7,7,7,7,5,7,7,7,7,2,5,1,2,2,1,1,4,2,2,1,1,1
2166,2024-10-18 8:58:23,2024-10-18 9:21:21,anonymous,,"Si, autorizo",22,Mujer,3,0,Bachiller,Rural,CUNDINAMARCA,Chía,2,Agroindustrial,Privado,4,0,Indefinido,,2,5,0,1,,2,1,4.0,1,3,1,1,3,2,1,2,4,2,1,2,1,1,4,4,2,7,7,7,7,3,4,3,3.240418118,7,4,7,7,4,2,2.341463415,1.0,4.0,3.0,3.0,3.0,3.0,4.0,5.0,5.0,5.0,4.0,0.0,0.0,0.0,4,3,3,1,1,1,1,4,1,1,2,2,2,1,1,1,1,1,1,1,1,1,6,6,6,6,6,6,6,6,6,6,6,6,6,6,6,6,6,6,6,6,6,7,7,7,5,6,6,7,7,7,1,1,1,4,4,4,4,4,4,4,4,4,4
1277,2024-08-26 12:39:48,2024-08-26 13:05:32,anonymous,,"Si, autorizo",29,Mujer,4,2,Técnico,Urbana,Cundinamarca,Ubaté,2,Agroindustrial,Privado,4,0,No hay Información,,1,5,0,4,,2,1,17.0,7,5,6,1,1,1,1,7,7,7,6,6,5,7,2,4,2,7,7,7,7,1,1,1,3.240418118,6,6,6,2,1,1,2.341463415,1.0,5.0,5.0,5.0,5.0,5.0,1.0,5.0,5.0,5.0,5.0,0.0,0.0,0.0,1,1,1,1,1,3,1,1,1,1,1,3,3,1,1,1,1,1,1,1,1,1,6,6,6,7,6,7,7,7,6,5,5,6,6,6,2,6,7,7,6,6,7,6,7,7,7,5,7,7,7,7,1,1,1,4,4,2,1,4,2,1,1,1,1
1544,2024-08-30 7:45:22,2024-08-30 8:20:02,anonymous,,"Si, autorizo",29,Hombre,3,1,Bachiller,Rural,Cundinamarca,Zipaquirá,1,Agroindustrial,Privado,4,0,No hay Información,,2,5,0,7,,2,1,3.0,3,3,1,1,1,1,2,7,7,7,7,7,7,7,3,3,2,3,7,7,7,2,3,2,3.240418118,7,7,3,7,7,7,2.341463415,5.0,5.0,5.0,4.0,5.0,5.0,5.0,5.0,5.0,5.0,5.0,0.0,0.0,0.0,2,1,2,2,2,1,1,2,1,2,2,3,2,2,1,1,1,1,2,2,2,2,6,6,6,6,6,6,6,6,6,6,6,5,6,6,6,7,7,6,7,7,6,7,7,7,7,7,7,7,7,7,2,2,2,4,4,2,1,2,2,2,1,2,1
602,2024-08-15 8:12:59,2024-08-15 9:03:23,anonymous,,"Si, autorizo",32,Mujer,3,3,Bachiller,Urbana,Cundinamarca,Zipaquirá,2,Agroindustrial,Privado,4,0,No hay Información,,2,5,0,4,,2,1,2920.0,4,4,7,1,1,2,2,7,4,7,7,7,1,7,4,4,2,7,7,7,7,4,2,2,3.240418118,7,2,7,2,4,2,2.341463415,2.0,5.0,4.0,5.0,5.0,3.0,3.0,5.0,5.0,3.0,5.0,1.0,0.0,0.0,1,1,1,1,1,1,1,1,1,1,1,1,1,1,1,1,1,1,1,1,1,1,6,7,6,7,6,7,6,7,7,5,7,6,7,7,7,7,7,7,6,7,7,6,7,6,7,6,7,6,7,6,1,4,2,4,2,1,1,2,2,4,2,1,1
1660,2024-08-30 10:08:31,2024-08-30 10:30:07,anonymous,,"Si, autorizo",21,Hombre,3,0,Bachiller,Urbana,Cundinamarca,Zipaquirá,1,Agroindustrial,Privado,4,0,No hay Información,,2,5,0,1,,2,1,62.0,7,7,7,1,1,1,1,7,7,7,7,7,7,7,7,7,7,7,7,7,7,1,1,1,3.240418118,7,7,2,7,7,7,2.341463415,5.0,5.0,5.0,5.0,5.0,5.0,5.0,5.0,5.0,5.0,5.0,5.0,0.0,0.0,1,1,6,7,1,2,2,2,1,3,2,2,2,1,1,1,1,2,1,2,1,2,6,7,6,7,7,7,6,6,7,7,7,6,4,6,7,7,7,7,6,6,7,6,5,6,6,6,7,6,7,7,2,2,4,4,4,1,1,2,1,4,4,2,2
1823,2024-09-26 8:30:32,2024-09-26 9:01:49,anonymous,,"Si, autorizo",48,Hombre,1,2,Primaria,Urbana,CUNDINAMARCA,Chocontá,2,Agroindustrial,Privado,4,0,Indefinido,,2,5,0,5,,2,1,30.0,7,6,7,3,7,1,3,4,4,4,4,7,7,7,4,4,4,4,7,7,7,4,4,4,3.240418118,4,7,4,4,4,7,2.341463415,5.0,5.0,5.0,5.0,5.0,5.0,5.0,5.0,5.0,4.0,5.0,0.0,0.0,0.0,1,2,1,2,1,1,3,1,1,1,3,1,1,1,1,5,1,1,3,1,1,3,6,7,6,6,5,6,6,6,6,6,6,5,6,6,6,6,7,6,6,7,7,6,6,6,7,7,6,6,6,6,1,1,1,1,4,1,4,4,1,1,1,1,1
1876,2024-09-26 10:00:58,2024-09-26 10:23:56,anonymous,,"Si, autorizo",38,Hombre,3,1,Tecnológico,Urbana,CUNDINAMARCA,Chocontá,1,Agroindustrial,Privado,4,0,Indefinido,,2,5,0,3,,2,1,7.0,1,1,1,1,1,1,2,7,7,7,7,7,7,7,5,5,5,5,5,5,5,2,1,2,3.240418118,5,5,5,7,7,2,2.341463415,1.0,5.0,5.0,5.0,5.0,5.0,2.0,5.0,5.0,5.0,5.0,5.0,0.0,0.0,4,4,4,1,4,4,4,4,4,4,3,2,3,1,1,1,1,1,1,1,1,1,7,7,7,7,7,7,7,7,7,5,7,7,7,7,7,7,7,7,7,7,7,7,1,3,7,7,7,3,7,3,1,1,1,2,2,1,1,2,1,1,1,1,1
1425,2024-08-29 8:27:53,2024-08-29 9:53:05,anonymous,,"Si, autorizo",23,Hombre,3,0,Técnico,Urbana,Cundinamarca,Tocancipá,1,Agroindustrial,Privado,4,0,No hay Información,,2,5,0,2,,2,1,8.0,7,4,4,1,1,1,1,7,7,7,7,7,7,7,4,4,6,7,7,7,7,1,1,1,3.240418118,7,7,7,7,7,7,2.341463415,5.0,5.0,5.0,5.0,5.0,5.0,1.0,5.0,5.0,5.0,5.0,0.0,0.0,0.0,1,1,1,1,1,1,1,1,1,1,3,3,3,1,1,1,1,1,3,3,1,2,6,5,6,6,6,6,6,6,6,6,6,6,6,6,6,6,6,6,6,6,5,6,6,6,6,6,6,6,6,6,1,4,4,6,4,1,2,4,4,1,1,1,1
955,2024-08-22 9:12:31,2024-08-22 10:01:45,anonymous,,"Si, autorizo",47,Mujer,3,7,Primaria,Rural,Cundinamarca,Tocancipá,3,Agroindustrial,Privado,4,0,No hay Información,,2,5,0,3,,2,1,1.0,4,3,3,1,4,3,2,2,4,4,7,4,2,1,1,2,1,7,7,7,7,1,3,1,3.240418118,7,4,2,2,1,2,2.341463415,1.0,5.0,5.0,4.0,4.0,5.0,4.0,5.0,5.0,4.0,5.0,4.0,0.0,0.0,5,4,4,1,1,1,3,1,3,5,3,3,2,1,1,1,1,1,3,2,2,3,7,6,6,1,5,7,4,7,7,7,7,5,4,6,7,6,6,5,4,5,7,5,6,6,6,6,7,5,7,6,4,6,4,5,5,4,4,6,4,4,4,5,5
699,2024-08-15 10:15:32,2024-08-15 10:54:19,anonymous,,"Si, autorizo",56,Mujer,1,3,Bachiller,Rural,Cundinamarca,Gachancipá,2,Agroindustrial,Privado,4,0,No hay Información,,2,5,0,7,,2,1,20.0,2,4,4,1,4,3,1,7,4,7,7,5,6,6,2,4,4,6,7,7,4,4,1,2,3.240418118,4,6,7,4,4,3,2.341463415,2.0,4.0,4.0,5.0,5.0,4.0,3.0,5.0,5.0,4.0,4.0,2.0,3.0,1.0,2,1,1,1,2,1,1,1,2,1,3,3,3,3,1,1,2,1,1,2,2,3,7,7,7,7,7,4,6,7,7,7,6,6,7,7,6,7,7,7,7,5,6,7,6,7,7,7,7,7,7,6,4,1,1,4,4,4,4,4,4,4,6,4,4
994,2024-08-22 10:20:43,2024-08-22 10:44:24,anonymous,,"Si, autorizo",20,Mujer,4,0,Bachiller,Urbana,Cundinamarca,Tocancipá,2,Agroindustrial,Privado,4,0,No hay Información,,1,5,0,7,,2,1,8.0,1,4,1,1,1,1,1,7,3,7,7,7,3,3,2,2,2,7,7,7,7,1,3,3,3.240418118,3,7,7,7,3,4,2.341463415,2.0,5.0,5.0,4.0,5.0,5.0,5.0,5.0,5.0,4.0,5.0,4.0,0.0,0.0,1,1,1,1,1,1,1,1,1,6,2,2,2,2,2,2,1,1,1,1,2,1,5,4,4,4,4,3,4,6,6,6,6,5,5,4,2,5,4,6,5,6,6,6,6,6,5,6,6,6,6,6,2,2,2,4,4,1,2,2,2,2,2,2,2
1310,2024-08-26 12:46:18,2024-08-26 13:18:08,anonymous,,"Si, autorizo",20,Mujer,3,1,Bachiller,Urbana,Cundinamarca,Ubaté,2,Agroindustrial,Privado,4,0,No hay Información,,2,5,0,2,,2,1,17.0,2,2,4,2,5,3,3,4,4,4,4,4,1,3,5,5,4,4,7,7,6,2,4,3,3.240418118,2,3,2,3,1,1,2.341463415,2.0,0.0,1.0,2.0,4.0,4.0,0.0,4.0,4.0,4.0,3.0,4.0,1.0,1.0,5,4,3,5,5,5,5,6,6,5,4,4,5,4,2,2,3,3,3,3,2,3,4,3,6,5,4,5,4,5,5,6,5,4,4,5,1,5,5,4,5,5,4,5,5,5,4,2,3,3,4,3,2,4,3,5,6,6,3,6,3,4,4,2,4
389,2024-08-08 9:18:42,2024-08-08 9:39:50,anónimo,,"Si, autorizo",28,Mujer,4,3,Primaria,Urbana,Cundinamarca,Tocancipá,1,Agroindustrial,Privado,4,0,No hay información,,2,5,1,2,,2,1,10.0,1,1,1,1,1,1,7,7,7,7,7,1,7,7,7,1,7,7,7,7,1,1,1,7,3.240418118,7,7,7,7,7,7,2.341463415,5.0,5.0,4.0,5.0,5.0,4.0,5.0,5.0,5.0,5.0,2.0,2.0,0.0,0.0,1,1,1,1,1,1,1,1,1,Nunca,1,1,1,1,1,1,1,1,1,1,1,1,7,7,7,7,7,7,7,7,7,7,7,7,7,7,7,7,7,7,7,7,7,7,7,7,7,7,7,7,7,7,1,1,4,1,1,1,1,1,1,1,1,1,1
366,2024-08-08 8:26:50,2024-08-08 8:45:55,anónimo,,"Si, autorizo",35,Mujer,4,0,Profesional,Urbana,Cundinamarca,Gachancipá,3,Agroindustrial,Privado,4,0,Indefinido,,2,1,1,4,,2,1,120.0,5,6,1,2,1,3,5,4,5,3,3,4,4,6,6,5,7,7,7,7,6,2,1,6,3.240418118,7,6,6,2,4,4,2.341463415,5.0,4.0,4.0,5.0,5.0,4.0,5.0,5.0,3.0,5.0,1.0,1.0,1.0,0.0,2,2,1,1,4,5,5,4,6,Alguna Veces,2,3,2,1,1,1,1,1,1,1,2,2,6,6,6,6,6,6,5,6,5,5,5,7,6,6,6,6,6,6,5,7,7,7,7,7,7,7,7,7,7,7,2,3,3,4,4,4,3,4,3,3,2,2,2
1661,2024-08-30 9:37:43,2024-08-30 10:31:38,anonymous,,"Si, autorizo",24,Mujer,4,3,Primaria,Urbana,Cundinamarca,Zipaquirá,1,Agroindustrial,Privado,4,0,No hay Información,,1,5,0,4,,2,1,62.0,1,3,1,1,2,1,3,7,7,7,7,7,1,7,7,7,7,7,7,7,7,1,1,1,3.240418118,7,7,1,7,7,7,2.341463415,5.0,1.0,5.0,0.0,5.0,5.0,0.0,0.0,5.0,5.0,0.0,0.0,5.0,0.0,1,5,5,6,1,1,1,1,1,1,1,1,1,1,1,1,1,1,1,1,1,1,7,7,7,7,7,7,7,7,7,7,7,7,7,7,7,7,7,7,7,7,7,7,7,7,7,7,7,7,7,7,1,1,1,4,4,1,1,4,1,1,1,1,1
2010,2024-09-27 9:36:51,2024-09-27 10:03:22,anonymous,,"Si, autorizo",41,Mujer,1,2,Tecnológico,Urbana,CUNDINAMARCA,Zipaquirá,2,Agroindustrial,Privado,4,0,Indefinido,,2,1,1,6,,2,1,40.0,6,6,6,2,4,1,2,6,6,7,7,4,4,3,3,2,2,7,6,6,7,2,2,2,3.240418118,4,4,6,7,2,3,2.341463415,1.0,5.0,5.0,4.0,5.0,5.0,5.0,5.0,5.0,3.0,5.0,0.0,0.0,0.0,2,2,1,1,1,1,1,1,1,1,3,3,2,2,2,3,2,2,2,2,1,2,6,6,6,5,6,5,6,6,6,6,4,6,6,7,6,7,7,6,6,6,6,6,7,7,6,6,6,6,6,6,2,4,4,6,5,2,5,2,7,3,2,2,2
711,2024-08-15 11:06:06,2024-08-15 11:35:39,anonymous,,"Si, autorizo",22,Mujer,3,1,Bachiller,Urbana,Cundinamarca,Zipaquirá,1,Agroindustrial,Privado,4,0,No hay Información,,2,5,0,2,,2,1,5.0,3,3,5,1,1,2,2,6,3,3,4,6,3,6,4,2,2,6,5,6,3,2,3,2,3.240418118,2,2,5,3,4,5,2.341463415,3.0,3.0,3.0,3.0,4.0,5.0,3.0,4.0,3.0,5.0,5.0,0.0,0.0,0.0,3,4,1,4,4,5,5,4,5,5,3,3,3,2,3,3,2,2,2,2,2,2,4,4,5,4,5,5,5,3,5,3,5,4,5,5,7,5,5,6,5,6,5,5,6,6,6,6,6,6,7,6,4,5,6,3,3,4,2,3,5,3,3,3,3
1559,2024-08-30 7:44:39,2024-08-30 8:26:13,anonymous,,"Si, autorizo",23,Hombre,4,0,Bachiller,Urbana,Cundinamarca,Zipaquirá,3,Agroindustrial,Privado,4,0,No hay Información,,2,5,0,2,,2,1,62.0,4,4,2,1,1,1,3,3,2,3,4,4,4,2,3,3,2,6,6,7,7,1,1,1,3.240418118,4,6,4,2,1,2,2.341463415,1.0,5.0,4.0,3.0,4.0,4.0,3.0,5.0,5.0,5.0,4.0,3.0,3.0,0.0,5,1,1,2,2,5,3,4,3,5,2,2,3,2,1,3,3,3,2,2,2,2,6,6,7,7,7,6,7,6,5,7,7,6,7,7,7,6,7,6,6,7,6,6,6,7,7,6,6,6,6,6,2,4,4,4,4,2,2,4,4,2,2,4,2
701,2024-08-15 10:10:30,2024-08-15 10:58:53,anonymous,,"Si, autorizo",52,Hombre,3,3,Técnico,Urbana,Cundinamarca,Zipaquirá,1,Agroindustrial,Privado,4,0,No hay Información,,2,1,1,5,,2,1,15.0,2,2,2,1,1,1,2,2,3,5,6,7,7,7,2,4,4,6,7,7,6,2,4,4,3.240418118,6,5,5,7,4,4,2.341463415,4.0,3.0,5.0,5.0,5.0,4.0,5.0,4.0,5.0,4.0,5.0,4.0,0.0,0.0,6,6,6,6,6,3,5,5,3,5,3,3,3,1,5,3,3,3,3,3,3,3,5,7,6,6,7,5,6,5,4,5,4,5,5,6,6,3,4,5,3,4,6,6,5,5,6,6,5,6,5,6,4,4,4,5,4,4,6,6,6,4,4,4,4
374,2024-08-08 8:07:02,2024-08-08 8:54:11,anónimo,,"Si, autorizo",47,Hombre,1,2,Bachiller,Urbana,Cundinamarca,Zipaquirá,2,Agroindustrial,Privado,4,0,No hay información,,2,5,0,4,,2,1,48.0,4,7,1,1,1,1,7,7,7,7,7,7,7,7,7,7,7,7,7,7,1,1,1,7,3.240418118,7,7,7,7,7,7,2.341463415,5.0,5.0,5.0,5.0,5.0,4.0,5.0,5.0,5.0,5.0,0.0,0.0,0.0,0.0,1,1,1,1,1,1,1,1,1,Raramente,1,1,1,1,1,1,1,1,1,1,1,1,7,7,7,7,7,7,7,7,7,7,7,7,7,7,7,7,7,7,7,7,7,7,7,7,7,7,7,7,7,7,1,2,1,2,1,1,1,1,1,1,1,1,1
313,2024-08-08 7:30:54,2024-08-08 7:46:53,anónimo,,"Si, autorizo",19,Hombre,3,0,Primaria,Urbana,Cundinamarca,Zipaquirá,1,Agroindustrial,Privado,4,0,Término fijo,,1,5,0,1,,2,1,49.5376197,4,3,2,1,2,2,2,2,2,1,2,2,2,2,2,1,2,3,6,7,3,3,2,2,3.240418118,2,2,6,3,3,3,2.341463415,5.0,5.0,5.0,5.0,5.0,3.0,3.0,5.0,5.0,5.0,5.0,0.0,0.0,3.0,6,3,6,6,6,1,6,2,6,Alguna Veces,3,3,3,1,1,1,1,1,1,1,1,1,5,5,5,7,6,5,5,5,5,6,6,4,6,6,4,7,7,7,7,7,5,5,4,7,6,6,5,7,6,6,1,4,1,1,1,2,1,4,1,4,1,1,1
31,2024-04-15 19:31:56,2024-04-15 19:44:19,anonymous,,"Si, autorizo",25,Mujer,2,0,Bachiller,Urbana,BOGOTÁ D.C.,Bogota D.C.,3,Otro,Público,3,1,Indefinido,47.0,2,5,0,2,1.0,2,2,25.0,3,2,2,3,3,4,4,7,7,7,7,7,7,7,7,7,7,5,5,5,5,5,5,5,1.0,1,1,1,1,1,1,1.0,0.0,3.0,3.0,3.0,3.0,3.0,3.0,3.0,3.0,3.0,4.0,1.0,1.0,1.0,5,5,5,5,5,3,3,3,3,3,3,3,3,3,3,3,3,3,3,3,3,3,6,4,5,3,5,4,3,5,5,4,5,5,4,4,4,4,4,3,6,5,6,6,6,6,6,6,6,6,7,7,2,4,4,4,4,2,2,4,2,2,2,2,2
191,2024-04-11 8:22:11,2024-04-11 9:10:06,anonymous,,"Si, autorizo",43,Hombre,3,0,Pregrado,Urbana,BOYACÁ,Tunja,3,Gobierno,Público,5,0,Termino Indefinido,40.0,2,7,0,4,1.0,2,1,40.0,6,1,6,1,1,1,1,6,6,6,6,6,6,6,6,6,6,6,6,6,6,1,1,1,6.0,6,6,6,6,6,6,6.0,4.0,5.0,5.0,5.0,5.0,5.0,5.0,5.0,5.0,5.0,5.0,0.0,0.0,0.0,1,1,1,1,1,1,1,1,1,1,1,1,1,1,1,1,1,1,1,1,1,1,7,7,7,7,7,7,7,7,7,7,7,7,7,7,7,7,7,7,7,7,7,7,7,7,7,7,7,7,7,7,1,1,1,1,1,1,1,1,1,1,1,1,1
846,2024-08-16 10:00:51,2024-08-16 10:23:00,anonymous,,"Si, autorizo",33,Hombre,3,0,Bachiller,Urbana,Cundinamarca,Zipaquirá,2,Agroindustrial,Privado,4,0,Indefinido,,2,5,0,2,,2,1,6.0,1,3,3,3,1,1,2,3,3,2,3,2,2,1,3,3,2,7,7,7,7,1,7,7,3.240418118,7,7,7,2,7,7,2.341463415,5.0,5.0,5.0,5.0,5.0,,5.0,4.0,5.0,5.0,5.0,5.0,5.0,5.0,6,6,6,6,5,2,2,2,6,6,3,3,4,1,5,1,1,1,1,1,1,1,5,6,7,7,5,7,6,7,5,6,6,5,6,5,6,2,2,2,4,4,7,7,7,7,6,7,7,7,7,7,1,1,1,1,4,4,4,4,4,1,1,1,4
2013,2024-09-27 9:36:09,2024-09-27 10:03:50,anonymous,,"Si, autorizo",42,Mujer,4,4,Primaria,Urbana,CUNDINAMARCA,Zipaquirá,2,Agroindustrial,Privado,4,0,Indefinido,,2,5,0,5,,2,1,15.0,4,4,4,4,4,4,1,4,2,2,1,2,2,1,4,4,1,6,7,7,7,2,1,1,3.240418118,3,7,7,4,1,1,2.341463415,0.0,5.0,2.0,5.0,5.0,5.0,5.0,5.0,5.0,5.0,5.0,2.0,2.0,0.0,7,7,7,7,7,7,7,7,3,7,3,2,1,1,1,1,1,1,1,1,5,1,5,5,6,6,6,5,4,6,4,5,4,6,6,7,6,5,3,3,4,6,3,6,6,5,6,5,6,5,7,5,4,6,2,6,2,1,1,1,1,1,6,6,1
1217,2024-08-26 11:44:17,2024-08-26 12:14:14,anonymous,,"Si, autorizo",46,Hombre,2,4,Primaria,Urbana,Cundinamarca,Sutatausa,2,Agroindustrial,Privado,4,0,No hay Información,,1,5,0,7,,2,1,17.0,2,3,3,2,1,1,3,4,4,4,5,7,7,7,5,4,4,6,7,7,7,3,3,2,3.240418118,6,4,5,3,1,2,2.341463415,1.0,5.0,3.0,3.0,4.0,1.0,1.0,1.0,3.0,1.0,4.0,2.0,1.0,1.0,3,3,1,1,1,6,5,6,5,5,3,2,3,2,1,1,1,2,1,1,1,3,5,6,6,7,5,4,4,7,4,6,6,6,6,6,6,6,6,6,7,7,6,6,6,6,5,7,6,7,7,7,4,6,4,5,4,4,4,3,4,4,1,1,1
605,2024-08-15 8:12:02,2024-08-15 9:03:58,anonymous,,"Si, autorizo",27,Mujer,1,2,Bachiller,Rural,Cundinamarca,Tocancipá,1,Agroindustrial,Privado,4,0,No hay Información,,2,5,0,3,,2,1,24.0,1,2,2,2,4,1,4,6,7,7,7,4,3,2,4,2,1,7,7,7,7,1,6,2,3.240418118,4,2,5,2,1,2,2.341463415,2.0,5.0,4.0,5.0,5.0,5.0,5.0,5.0,5.0,4.0,5.0,0.0,0.0,0.0,1,5,1,1,1,5,5,1,1,5,3,3,3,2,1,1,3,2,2,2,1,1,5,7,5,4,6,5,5,6,7,5,7,7,7,7,7,7,6,7,7,7,6,7,7,7,7,7,7,7,7,7,1,4,2,6,1,4,2,4,2,2,1,2,4
467,2024-08-08 10:38:26,2024-08-08 10:56:11,anónimo,,"Si, autorizo",20,Mujer,3,0,Bachiller,Urbana,Cundinamarca,Tocancipá,2,Agroindustrial,Privado,4,0,No hay información,,2,5,0,1,,2,1,0.0,7,7,1,2,1,1,7,7,7,7,7,3,3,1,1,1,7,7,7,7,1,3,1,6,3.240418118,7,7,2,2,2,6,2.341463415,3.0,3.0,3.0,4.0,5.0,4.0,5.0,4.0,4.0,2.0,3.0,4.0,0.0,3.0,1,1,1,1,1,1,1,3,1,Alguna Veces,3,2,2,2,2,2,2,2,3,4,5,5,4,4,3,3,3,3,6,4,3,4,2,3,3,3,3,3,2,2,2,2,5,5,5,5,5,3,5,5,5,5,4,7,6,2,2,1,7,2,7,7,2,2,6
844,2024-08-16 9:53:13,2024-08-16 10:21:56,anonymous,,"Si, autorizo",48,Mujer,3,4,Primaria,Urbana,Cundinamarca,Zipaquirá,1,Agroindustrial,Privado,4,0,No hay Información,8.0,1,5,0,5,,2,3,8.0,1,7,7,1,2,1,1,7,2,7,7,7,7,7,2,4,1,7,7,7,7,1,1,1,3.240418118,7,7,4,4,7,4,2.341463415,5.0,5.0,5.0,5.0,5.0,1.0,5.0,5.0,5.0,5.0,5.0,0.0,0.0,0.0,1,1,1,1,1,1,1,1,1,1,1,3,3,3,3,1,1,1,1,1,1,1,3,4,4,3,2,2,4,6,6,4,4,7,5,5,3,7,6,5,4,6,7,4,6,3,3,4,3,6,7,5,1,4,1,1,1,1,1,1,4,1,1,1,1
338,2024-08-08 7:44:17,2024-08-08 7:57:59,anónimo,,"Si, autorizo",35,Mujer,3,1,Técnico,Urbana,Cundinamarca,Zipaquirá,2,Agroindustrial,Privado,4,0,No hay información,,1,5,0,3,,2,1,8.0,1,1,4,4,4,4,4,5,5,4,4,4,4,4,4,4,4,7,7,7,4,4,2,7,3.240418118,7,2,1,2,1,2,2.341463415,3.0,3.0,3.0,3.0,3.0,3.0,3.0,3.0,3.0,3.0,3.0,3.0,3.0,2.0,4,4,4,4,4,4,4,4,4,Alguna Veces,3,3,3,3,3,2,2,3,2,3,3,3,4,5,5,5,5,5,5,5,6,5,5,5,5,5,6,7,7,7,7,7,6,5,7,7,6,5,5,5,6,7,2,2,4,4,4,4,4,5,4,4,4,4,4
451,2024-08-08 10:17:37,2024-08-08 10:46:00,anónimo,,"Si, autorizo",32,Hombre,3,0,Bachiller,Urbana,Cundinamarca,Tocancipá,2,Agroindustrial,Privado,4,0,No hay información,,1,5,0,2,,2,1,20.0,2,2,4,4,4,5,7,7,7,5,5,4,2,6,7,7,7,6,7,7,4,3,2,6,3.240418118,6,4,2,6,2,3,2.341463415,5.0,3.0,1.0,3.0,3.0,3.0,4.0,4.0,3.0,4.0,4.0,0.0,0.0,0.0,1,1,1,1,1,3,6,2,7,Alguna Veces,4,4,4,3,2,2,2,2,2,1,2,2,5,5,4,3,4,5,5,5,3,6,4,6,6,6,6,5,6,5,6,6,4,6,5,6,6,4,4,6,5,6,1,2,4,2,2,2,3,6,4,4,4,2,2
1007,2024-08-22 10:59:07,2024-08-22 11:15:20,anonymous,,"Si, autorizo",49,Mujer,3,3,Primaria,Rural,Cundinamarca,Gachancipá,2,Agroindustrial,Privado,4,0,No hay Información,,2,5,0,7,,2,1,25.0,1,7,7,1,1,1,1,4,7,7,5,7,7,7,7,7,7,7,7,7,7,1,1,1,3.240418118,7,7,7,7,7,7,2.341463415,5.0,5.0,5.0,3.0,5.0,5.0,5.0,5.0,5.0,5.0,5.0,0.0,0.0,0.0,1,1,1,1,1,1,1,1,1,1,3,1,3,2,1,1,1,1,1,1,1,1,7,7,7,7,3,7,7,7,7,7,7,6,6,7,7,7,7,7,7,7,7,7,5,6,6,7,7,7,7,7,4,4,4,6,6,1,1,6,4,1,1,5,1
1775,2024-09-26 7:45:01,2024-09-26 8:13:02,anonymous,,"Si, autorizo",51,Mujer,4,3,Primaria,Rural,CUNDINAMARCA,Tocancipá,2,Agroindustrial,Privado,4,0,Indefinido,,1,5,0,6,,2,1,7.0,1,4,3,1,3,4,3,7,7,7,3,4,3,3,7,3,3,7,7,7,7,4,4,1,3.240418118,7,4,3,3,3,2,2.341463415,5.0,3.0,5.0,5.0,5.0,5.0,5.0,5.0,4.0,5.0,5.0,4.0,4.0,0.0,1,1,2,7,2,1,3,1,3,3,3,3,3,1,1,3,1,1,3,2,2,3,6,6,6,4,5,6,5,6,7,6,6,6,5,6,6,7,7,6,7,7,5,6,6,6,6,6,6,6,7,5,1,2,1,1,4,4,4,4,4,4,4,2,2
1716,2024-08-30 11:10:55,2024-08-30 11:29:53,anonymous,,"Si, autorizo",20,Mujer,3,1,Primaria,Urbana,Cundinamarca,Zipaquirá,2,Agroindustrial,Privado,4,0,No hay Información,,1,5,0,1,,2,1,10.0,4,4,4,1,2,1,1,4,4,5,4,7,4,4,4,4,3,6,7,7,5,1,1,1,3.240418118,4,4,2,4,4,7,2.341463415,3.0,5.0,4.0,4.0,5.0,5.0,0.0,,5.0,4.0,4.0,1.0,0.0,0.0,2,2,3,5,3,3,5,5,3,7,3,4,3,3,1,2,3,4,5,3,3,5,5,6,5,7,4,3,5,6,3,5,7,6,5,4,4,3,6,7,4,6,6,5,7,7,5,4,6,1,7,6,1,2,4,4,4,1,4,4,4,3,4,4,4
2066,2024-10-08 8:25:37,2024-10-08 8:33:51,anonymous,,"Si, autorizo",41,Hombre,4,0,Bachiller,Urbana,CUNDINAMARCA,Zipaquirá,2,Agroindustrial,Privado,4,0,Indefinido,,2,5,0,2,,2,1,8.0,2,2,2,2,2,1,1,7,7,7,7,7,7,7,3,3,3,3,7,7,7,7,7,7,3.240418118,7,7,7,7,7,7,2.341463415,5.0,5.0,5.0,5.0,5.0,5.0,5.0,5.0,5.0,5.0,5.0,0.0,0.0,,1,1,1,1,1,1,1,1,1,1,1,1,1,1,1,1,1,1,1,1,1,1,7,7,7,7,7,7,7,7,7,7,7,7,7,7,7,7,7,7,7,7,7,7,7,7,7,7,7,7,7,7,1,4,1,4,4,1,1,4,4,1,1,1,1
1567,2024-08-30 8:31:27,2024-08-30 8:52:39,anonymous,,"Si, autorizo",18,Hombre,4,0,Bachiller,Urbana,Cundinamarca,Zipaquirá,2,Agroindustrial,Privado,4,0,No hay Información,,2,5,0,2,,2,1,62.0,6,5,6,2,2,1,1,4,6,5,3,3,4,4,6,5,1,6,7,7,6,4,3,2,3.240418118,5,6,4,3,1,1,2.341463415,2.0,3.0,4.0,4.0,5.0,5.0,4.0,3.0,4.0,3.0,3.0,3.0,2.0,0.0,5,3,3,5,6,6,5,4,4,6,4,5,4,3,2,3,3,4,2,2,1,1,4,5,4,5,4,4,5,3,4,4,5,5,5,4,5,5,5,5,5,5,4,5,6,6,6,4,5,5,5,5,6,5,6,6,6,3,6,6,7,5,3,3,4
408,2024-08-08 9:28:40,2024-08-08 9:49:22,anónimo,,"Si, autorizo",18,Hombre,3,0,Bachiller,Urbana,Cundinamarca,Cogua,1,Agroindustrial,Privado,4,0,No hay información,,1,5,0,1,,2,1,10.0,4,4,1,1,1,1,7,3,2,7,2,1,1,2,2,7,7,6,7,7,1,2,1,3,3.240418118,4,7,7,6,7,7,2.341463415,4.0,5.0,5.0,4.0,3.0,0.0,4.0,5.0,5.0,3.0,0.0,0.0,0.0,0.0,1,1,1,1,1,1,1,1,1,Nunca,1,1,1,2,1,2,2,2,1,1,1,1,5,6,5,4,5,6,5,6,4,4,3,6,6,6,4,6,6,6,4,6,6,5,6,5,6,6,6,5,6,6,1,1,7,1,1,1,1,1,4,1,1,1,1
1985,2024-09-27 9:21:15,2024-09-27 9:37:48,anonymous,,"Si, autorizo",61,Mujer,3,4,Primaria,Urbana,CUNDINAMARCA,Zipaquirá,2,Agroindustrial,Privado,4,0,Indefinido,,2,5,0,7,,2,1,15.0,7,5,5,1,1,2,7,5,5,5,5,4,4,4,5,5,5,7,7,7,7,1,2,2,3.240418118,5,7,7,5,5,5,2.341463415,3.0,5.0,5.0,3.0,5.0,5.0,5.0,5.0,5.0,3.0,2.0,5.0,5.0,0.0,1,1,1,1,5,1,5,5,5,7,3,5,5,1,1,1,1,1,1,1,1,1,4,6,6,5,6,6,6,6,6,6,6,6,6,6,6,7,7,7,7,7,4,4,7,4,4,4,4,4,4,4,2,1,4,5,6,6,1,6,1,1,6,4,4
103,2024-04-25 11:00:23,2024-04-25 11:34:28,anonymous,,"Si, autorizo",56,Mujer,2,2,Técnico,Urbana,BOGOTÁ D.C.,Bogota D.C.,2,Otro,Privado,3,0,Indefinido,48.0,2,1,0,7,10.0,2,2,49.5376197,5,3,5,3,5,1,3,7,7,6,7,7,7,5,3,3,3,7,7,7,7,5,1,1,2.0,3,3,2,3,1,1,1.0,0.0,5.0,5.0,5.0,5.0,5.0,5.0,5.0,5.0,5.0,5.0,0.0,0.0,0.0,1,1,1,1,1,5,3,5,5,5,2,1,2,1,1,1,1,2,2,2,1,2,2,2,2,3,2,4,2,3,7,2,6,5,6,5,5,4,4,4,4,5,7,7,7,7,7,7,7,7,7,7,4,4,4,2,2,4,4,4,4,2,1,1,2
1016,2024-08-22 11:33:10,2024-08-22 11:54:36,anonymous,,"Si, autorizo",29,Hombre,3,0,Profesional,Urbana,Tolima,Espinal,2,Agroindustrial,Privado,4,0,No hay Información,,2,1,0,1,,2,1,2.0,4,5,5,2,3,2,3,5,5,5,4,5,5,5,5,5,4,5,6,6,5,5,4,4,3.240418118,4,4,5,5,4,4,2.341463415,2.0,4.0,4.0,4.0,4.0,4.0,4.0,5.0,4.0,3.0,4.0,1.0,4.0,1.0,5,3,1,2,2,1,2,3,2,2,2,3,3,2,1,1,2,2,1,2,2,2,7,7,7,7,7,7,7,7,7,7,7,7,7,7,7,7,7,7,7,7,7,7,7,7,7,7,7,7,7,7,1,1,2,2,2,2,4,2,3,4,2,2,2
1962,2024-09-27 8:31:57,2024-09-27 9:02:16,anonymous,,"Si, autorizo",53,Hombre,1,2,Bachiller,Urbana,CUNDINAMARCA,Zipaquirá,3,Agroindustrial,Privado,4,0,Indefinido,,2,5,0,5,,2,1,10.0,4,6,6,2,4,4,4,4,4,6,4,7,4,4,6,4,4,7,7,7,6,4,2,4,3.240418118,4,4,7,2,7,6,2.341463415,4.0,0.0,0.0,1.0,0.0,0.0,3.0,0.0,0.0,0.0,0.0,4.0,4.0,4.0,2,4,4,4,3,4,4,4,4,3,3,4,4,1,1,1,2,3,3,1,5,2,7,7,7,5,7,6,6,6,6,6,6,7,7,6,7,7,7,7,7,7,5,4,6,7,6,7,7,7,6,3,4,4,4,4,7,4,4,4,4,4,4,4,4
1870,2024-09-26 9:52:34,2024-09-26 10:20:20,anonymous,,"Si, autorizo",36,Mujer,4,2,Bachiller,Rural,CUNDINAMARCA,Gachancipá,1,Agroindustrial,Privado,4,0,Indefinido,,1,5,0,4,,2,1,5.0,2,2,3,1,1,1,1,7,7,7,7,7,7,7,3,3,2,7,7,7,7,1,1,1,3.240418118,7,7,4,7,7,7,2.341463415,5.0,5.0,5.0,5.0,5.0,5.0,5.0,5.0,5.0,5.0,5.0,0.0,0.0,,1,1,1,1,1,1,1,1,1,1,1,2,1,1,1,1,1,1,1,1,1,1,7,7,7,7,7,7,7,7,7,7,7,7,7,7,7,7,7,7,7,7,7,7,7,7,7,7,7,7,7,7,1,4,4,1,3,1,1,1,1,1,1,1,1
1939,2024-09-26 12:41:17,2024-09-26 13:24:33,anonymous,,"Si, autorizo",23,Hombre,3,0,Bachiller,Urbana,CUNDINAMARCA,Zipaquirá,2,Agroindustrial,Privado,4,0,Indefinido,,1,1,0,2,,2,1,15.0,4,4,6,1,1,1,2,7,6,7,7,7,7,6,7,7,6,7,7,7,7,2,2,1,3.240418118,7,7,7,6,6,6,2.341463415,4.0,5.0,4.0,4.0,5.0,5.0,4.0,4.0,5.0,4.0,5.0,0.0,0.0,0.0,1,1,1,1,1,1,1,1,1,1,1,1,1,1,1,1,1,2,1,1,1,1,7,7,7,4,6,7,6,7,7,7,6,6,6,7,7,7,7,7,7,7,7,7,7,7,7,7,7,7,7,7,2,1,2,2,1,1,1,4,1,1,1,1,1
114,2024-04-01 10:49:18,2024-04-01 11:06:24,anonymous,,"Si, autorizo",43,Mujer,1,2,Posgrado,Urbana,BOGOTÁ D.C.,Bogota D.C.,6,Educativo,Privado,4,0,Término fijo,40.0,4,4,0,6,10.0,2,1,60.0,4,4,5,4,3,5,4,6,6,7,7,5,5,4,6,6,6,6,7,7,7,5,2,2,3.0,4,5,6,5,2,4,4.0,2.0,5.0,5.0,4.0,5.0,4.0,5.0,5.0,5.0,4.0,5.0,1.0,0.0,0.0,2,5,2,2,2,5,6,4,6,6,2,4,4,1,1,1,1,2,1,1,1,1,6,6,6,6,5,6,5,5,6,6,4,6,6,6,6,6,6,6,5,6,6,7,5,6,6,6,6,6,7,7,2,5,2,4,4,3,3,3,2,2,2,2,2
373,2024-08-08 8:29:24,2024-08-08 8:53:25,anónimo,,"Si, autorizo",25,Hombre,3,0,Tecnológico,Urbana,Cundinamarca,Sesquilé,2,Agroindustrial,Privado,4,0,No hay información,,5,1,0,2,,2,1,20.0,4,4,2,4,3,6,3,4,4,4,4,4,4,4,4,4,7,6,7,7,6,6,6,4,3.240418118,4,6,6,2,2,2,2.341463415,5.0,3.0,4.0,5.0,5.0,5.0,5.0,5.0,2.0,5.0,0.0,0.0,0.0,0.0,3,1,7,1,2,5,5,5,5,Alguna Veces,3,3,3,3,2,1,2,2,1,3,2,2,4,7,4,4,4,4,4,4,4,4,4,5,6,4,4,4,4,4,4,4,4,4,4,4,4,4,4,4,6,6,2,4,4,5,5,5,5,5,5,2,3,4,3
215,2024-04-12 15:35:42,2024-04-12 16:32:54,anonymous,,"Si, autorizo",56,Mujer,4,1,Bachiller,Rural,BOYACÁ,Tunja,2,Otro,Público,4,0,Termino Indefinido,40.0,2,3,0,2,1.0,2,1,40.0,1,2,1,1,1,1,7,4,2,4,5,4,4,4,2,2,1,7,7,7,7,1,1,1,1.0,4,2,7,3,2,2,2.0,0.0,5.0,5.0,5.0,5.0,5.0,5.0,5.0,5.0,5.0,5.0,0.0,0.0,0.0,1,1,1,1,1,1,1,1,1,3,2,1,2,1,1,1,1,1,2,1,1,1,6,6,6,6,6,6,6,6,6,6,6,6,6,6,6,6,6,6,6,6,7,6,7,7,7,6,7,6,7,6,2,4,2,4,4,2,2,4,2,1,1,1,1
415,2024-08-08 9:16:39,2024-08-08 9:53:18,anónimo,,"Si, autorizo",30,Mujer,4,1,Bachiller,Rural,Cundinamarca,Zipaquirá,1,Agroindustrial,Privado,4,0,No hay información,,2,5,0,2,,2,1,13.0,2,4,1,4,1,2,7,7,7,4,4,4,7,4,4,4,7,7,7,7,4,1,1,4,3.240418118,4,2,7,4,4,4,2.341463415,5.0,5.0,5.0,5.0,5.0,4.0,5.0,5.0,5.0,5.0,0.0,0.0,0.0,2.0,1,1,1,1,1,1,1,1,1,Alguna Veces,3,3,1,4,1,1,1,1,3,2,1,1,5,6,6,5,5,5,6,5,6,6,5,6,4,5,4,7,7,7,6,7,6,6,7,7,7,6,6,6,7,6,1,4,2,4,4,4,2,2,2,4,2,2,2
1216,2024-08-26 11:58:44,2024-08-26 12:14:14,anonymous,,"Si, autorizo",48,Hombre,1,2,Primaria,Rural,Cundinamarca,Ubaté,1,Agroindustrial,Privado,4,0,No hay Información,,2,5,0,6,,2,1,17.0,3,3,3,1,1,1,1,7,7,7,7,7,3,3,7,7,7,7,7,7,7,1,1,1,3.240418118,7,7,7,7,1,1,2.341463415,0.0,5.0,5.0,3.0,5.0,5.0,5.0,5.0,5.0,5.0,5.0,5.0,0.0,0.0,1,1,1,1,1,1,1,1,1,1,2,1,3,1,1,1,1,1,3,1,1,1,7,7,7,7,7,7,7,7,7,7,7,7,7,7,7,7,7,7,7,7,7,6,6,6,5,7,7,6,7,5,1,1,4,4,4,4,1,4,4,4,1,1,1
2072,2024-10-10 7:46:22,2024-10-10 8:05:11,anonymous,,"Si, autorizo",40,Mujer,4,4,Técnico,Rural,CUNDINAMARCA,Zipaquirá,2,Agroindustrial,Privado,4,0,Indefinido,,2,1,0,3,,2,1,40.0,6,6,6,1,2,1,1,5,4,5,7,5,7,7,4,5,6,7,6,7,6,2,2,2,3.240418118,5,6,6,6,6,6,2.341463415,4.0,5.0,5.0,5.0,5.0,5.0,5.0,5.0,5.0,4.0,5.0,0.0,0.0,0.0,5,1,1,1,1,1,1,1,1,1,1,1,1,1,1,2,1,1,1,1,1,1,7,7,7,7,7,7,7,7,7,7,5,6,6,6,7,7,7,7,7,7,7,7,7,7,7,7,7,7,7,7,1,1,1,1,1,1,1,1,1,1,1,2,1
356,2024-08-08 8:00:41,2024-08-08 8:22:33,anónimo,,"Si, autorizo",19,Hombre,3,0,Bachiller,Rural,Cundinamarca,Zipaquirá,2,Agroindustrial,Privado,4,0,Indefinido,,1,5,0,1,,2,1,50.0,7,7,2,2,2,2,3,2,2,2,1,1,1,6,6,7,3,7,7,7,2,1,1,6,3.240418118,2,4,1,1,1,1,2.341463415,4.0,3.0,4.0,2.0,1.0,0.0,4.0,4.0,3.0,1.0,1.0,3.0,0.0,0.0,1,1,1,1,2,2,2,1,5,Raramente,2,2,2,2,2,2,2,2,1,2,1,1,5,6,6,6,5,4,5,5,4,7,5,5,5,5,2,5,5,3,6,5,5,6,6,7,6,6,4,6,7,6,1,2,2,3,3,2,1,4,4,3,2,2,1
1056,2024-08-26 8:35:01,2024-08-26 9:00:12,anonymous,,"Si, autorizo",39,Hombre,4,1,Técnico,Urbana,Cundinamarca,Ubaté,2,Agroindustrial,Privado,4,0,No hay Información,,2,1,0,4,,2,1,50.0,4,4,5,2,2,2,2,7,6,6,6,7,4,4,6,6,6,6,7,7,7,3,1,2,3.240418118,6,7,4,6,6,4,2.341463415,3.0,5.0,3.0,3.0,5.0,5.0,4.0,5.0,4.0,2.0,5.0,3.0,0.0,2.0,4,1,1,1,3,3,3,2,4,3,3,3,3,3,3,2,1,2,2,3,3,2,5,6,5,5,4,6,5,6,6,6,5,5,6,6,6,6,6,6,6,6,5,6,5,5,5,5,6,6,7,6,3,3,3,3,3,4,4,5,5,3,3,3,3
1968,2024-09-27 8:58:48,2024-09-27 9:08:12,anonymous,,"Si, autorizo",37,Mujer,2,3,Bachiller,Urbana,CUNDINAMARCA,Zipaquirá,2,Agroindustrial,Privado,4,0,Indefinido,,2,5,0,3,,2,1,15.0,6,7,6,1,6,7,1,7,7,7,7,7,7,7,3,3,3,7,7,7,4,4,3,4,3.240418118,7,3,3,4,4,4,2.341463415,2.0,5.0,5.0,5.0,5.0,5.0,5.0,5.0,5.0,5.0,5.0,5.0,5.0,5.0,4,4,4,4,4,4,4,4,4,4,3,3,3,3,1,1,1,2,2,2,2,2,6,6,6,6,6,6,6,7,7,7,7,6,7,7,7,7,7,7,7,7,7,6,7,7,7,7,7,7,7,6,2,2,4,2,4,1,2,2,2,1,1,1,1
554,2024-08-15 7:19:26,2024-08-15 8:06:00,anonymous,,"Si, autorizo",22,Hombre,4,1,Bachiller,Urbana,Cundinamarca,Zipaquirá,2,Agroindustrial,Privado,4,0,No hay Información,,2,5,0,2,,2,1,30.0,1,2,4,2,2,2,2,7,7,7,7,7,7,7,3,4,4,7,7,7,7,2,4,1,3.240418118,4,7,2,4,1,4,2.341463415,2.0,5.0,5.0,1.0,5.0,5.0,0.0,5.0,5.0,1.0,5.0,0.0,0.0,0.0,1,1,1,1,1,1,1,1,1,1,1,1,1,2,2,2,1,1,1,2,2,2,5,5,5,5,5,5,5,5,5,5,5,5,5,5,5,5,5,5,5,5,6,5,5,6,5,5,5,6,6,5,2,2,2,2,2,1,1,2,1,1,6,1,1
1683,2024-08-30 10:39:53,2024-08-30 11:11:45,anonymous,,"Si, autorizo",19,Mujer,4,0,Bachiller,Rural,Cundinamarca,Cogua,2,Agroindustrial,Privado,4,0,No hay Información,,2,5,0,2,,2,1,48.0,6,6,6,7,6,6,5,4,4,5,4,5,1,3,2,2,2,6,6,6,6,2,2,2,3.240418118,6,6,5,5,2,2,2.341463415,1.0,3.0,2.0,0.0,5.0,5.0,1.0,2.0,3.0,3.0,0.0,5.0,5.0,1.0,1,1,1,1,2,5,5,5,5,5,4,4,4,3,3,2,1,2,2,2,2,2,6,7,6,5,5,5,5,6,5,5,5,6,6,5,6,2,6,6,6,6,5,5,5,3,5,3,5,6,6,6,4,6,4,6,6,3,3,6,6,6,6,6,6
1615,2024-08-30 8:38:44,2024-08-30 9:18:13,anonymous,,"Si, autorizo",25,Mujer,3,2,Bachiller,Rural,Cundinamarca,Zipaquirá,1,Agroindustrial,Privado,4,0,No hay Información,,2,5,0,1,,2,1,62.0,4,4,4,1,1,2,4,7,7,7,7,4,6,7,4,4,1,7,7,7,7,1,1,1,3.240418118,2,7,6,7,6,7,2.341463415,5.0,5.0,4.0,3.0,5.0,5.0,4.0,4.0,4.0,5.0,4.0,0.0,0.0,0.0,1,5,1,1,1,1,1,1,1,1,1,1,2,1,1,1,1,3,3,3,1,1,5,4,6,6,7,5,5,6,6,5,3,6,5,6,7,7,7,7,6,6,5,6,5,7,6,7,5,5,6,6,1,2,4,4,4,1,1,4,1,4,1,2,1
1213,2024-08-26 11:41:35,2024-08-26 12:12:33,anonymous,,"Si, autorizo",25,Hombre,5,0,Posgrado,Rural,Cundinamarca,Fuquene,3,Agroindustrial,Privado,4,0,No hay Información,,2,5,0,2,,2,1,17.0,1,7,5,5,4,1,1,7,6,6,7,7,6,6,7,6,6,7,7,7,7,2,1,1,3.240418118,7,7,7,7,7,6,2.341463415,4.0,4.0,5.0,5.0,5.0,,4.0,5.0,5.0,4.0,5.0,0.0,0.0,0.0,1,1,1,1,1,1,1,1,1,5,1,2,3,1,2,4,1,1,1,1,1,2,7,7,7,7,7,7,7,7,7,5,6,5,5,6,6,6,6,6,7,7,7,7,7,7,7,7,6,6,7,5,1,4,1,1,2,1,1,1,1,1,1,1,1
2147,2024-10-18 7:28:17,2024-10-18 8:17:16,anonymous,,"Si, autorizo",47,Mujer,1,2,Bachiller,Rural,CUNDINAMARCA,Cajicá,3,Agroindustrial,Privado,4,0,Indefinido,,2,5,0,7,,2,1,15.0,1,4,2,1,1,1,1,2,4,4,2,2,4,2,2,4,2,7,7,7,7,1,1,2,3.240418118,4,5,3,4,4,4,2.341463415,5.0,5.0,5.0,5.0,5.0,5.0,0.0,5.0,5.0,5.0,5.0,0.0,0.0,0.0,1,2,1,4,7,4,4,4,4,4,1,2,3,1,1,1,1,1,2,1,2,1,7,7,7,7,7,7,7,7,7,7,7,7,7,7,7,7,7,7,7,7,7,7,7,7,7,7,7,7,7,7,1,1,1,4,4,1,1,2,2,1,1,1,1
2163,2024-10-18 8:18:43,2024-10-18 9:14:29,anonymous,,"Si, autorizo",58,Hombre,4,1,Bachiller,Rural,CUNDINAMARCA,Chía,2,Agroindustrial,Privado,4,0,Indefinido,,2,5,0,6,,2,1,32.0,4,4,4,2,1,1,3,3,3,7,3,7,4,3,3,7,4,7,7,7,7,3,4,2,3.240418118,4,7,3,7,4,4,2.341463415,5.0,3.0,3.0,3.0,5.0,5.0,5.0,5.0,5.0,5.0,5.0,0.0,0.0,0.0,1,1,1,1,1,1,1,1,1,1,3,2,1,1,1,1,1,1,3,1,2,1,6,7,6,6,6,7,6,7,7,7,6,6,7,7,7,7,7,7,6,6,7,6,7,7,6,7,7,6,7,6,1,2,2,2,2,2,2,2,2,1,1,2,1
2005,2024-09-27 9:34:46,2024-09-27 9:58:23,anonymous,,"Si, autorizo",45,Mujer,3,1,Bachiller,Urbana,CUNDINAMARCA,Zipaquirá,2,Agroindustrial,Privado,4,0,Indefinido,,1,5,0,5,,2,1,15.0,3,5,7,1,1,1,1,7,7,7,7,7,7,7,4,4,4,7,7,7,7,1,1,1,3.240418118,6,6,6,7,4,4,2.341463415,2.0,5.0,5.0,5.0,5.0,5.0,5.0,5.0,5.0,5.0,5.0,0.0,0.0,0.0,1,1,1,1,1,1,1,1,1,1,3,1,2,1,1,1,1,1,1,2,1,1,7,7,7,7,7,7,7,7,7,7,7,7,7,7,7,7,7,7,7,7,7,7,7,7,7,7,7,7,7,7,1,4,1,4,4,1,1,2,2,1,1,1,1
357,2024-08-08 8:11:46,2024-08-08 8:38:02,anónimo,,"Si, autorizo",23,Hombre,3,0,Técnico,Urbana,Cundinamarca,Cogua,1,Agroindustrial,Privado,4,0,No hay información,,2,5,0,7,,2,1,15.0,4,5,1,2,1,2,6,7,7,7,7,6,7,7,7,7,7,6,6,7,3,2,2,4,3.240418118,5,7,6,6,7,7,2.341463415,5.0,5.0,5.0,5.0,5.0,4.0,5.0,5.0,5.0,3.0,3.0,2.0,1.0,1.0,2,1,1,2,1,2,1,3,1,Raramente,3,4,2,2,2,2,2,3,2,2,2,2,6,6,6,4,6,6,6,6,6,6,4,6,5,5,5,6,6,6,6,6,6,6,6,6,6,6,6,6,6,6,2,4,4,3,3,2,2,3,3,4,4,4,4
1988,2024-09-27 9:09:41,2024-09-27 9:39:49,anonymous,,"Si, autorizo",57,Hombre,1,2,Técnico,Urbana,CUNDINAMARCA,Zipaquirá,3,Agroindustrial,Privado,4,0,Indefinido,,2,1,1,7,,2,1,50.0,6,6,6,2,2,2,2,7,5,5,6,6,5,4,2,2,5,6,7,7,7,2,1,1,3.240418118,5,6,6,6,2,3,2.341463415,1.0,5.0,5.0,4.0,5.0,5.0,4.0,5.0,4.0,4.0,4.0,0.0,4.0,0.0,1,1,1,1,1,2,1,2,2,1,2,2,2,2,1,1,1,2,2,2,2,2,6,6,6,6,6,7,7,7,7,6,7,6,7,7,6,6,7,7,6,7,6,7,6,6,6,6,6,6,6,5,2,2,2,4,2,2,2,4,4,2,4,2,2
2220,2024-10-18 10:43:44,2024-10-18 11:09:18,anonymous,,"Si, autorizo",30,Mujer,3,2,Técnico,Rural,CUNDINAMARCA,Chía,2,Agroindustrial,Privado,4,0,Indefinido,,2,5,0,2,,2,1,20.0,2,2,1,4,1,1,1,7,4,6,7,7,4,4,4,4,4,7,7,7,7,4,1,1,3.240418118,7,4,4,4,7,7,2.341463415,5.0,5.0,5.0,5.0,5.0,5.0,5.0,5.0,5.0,5.0,5.0,0.0,0.0,0.0,1,4,1,1,1,5,5,5,1,5,3,3,3,1,1,1,3,2,3,1,1,1,6,6,6,6,6,6,6,6,6,6,6,6,6,6,6,6,6,6,6,6,6,6,6,6,6,6,6,6,6,6,4,4,2,3,4,4,2,4,2,4,1,1,1
2235,2024-10-18 10:52:34,2024-10-18 11:28:42,anonymous,,"Si, autorizo",29,Hombre,4,1,Bachiller,Urbana,CUNDINAMARCA,Chía,2,Agroindustrial,Privado,4,0,Indefinido,,2,5,0,1,,2,1,20.0,1,1,1,1,1,1,1,4,4,7,7,4,4,4,7,7,7,7,7,7,7,1,1,4,3.240418118,7,7,7,4,4,7,2.341463415,5.0,5.0,5.0,5.0,5.0,5.0,5.0,5.0,5.0,5.0,5.0,,0.0,0.0,1,4,4,1,1,1,1,7,1,7,3,1,3,3,3,3,3,3,3,3,3,3,4,4,4,4,4,4,4,4,4,4,4,4,4,4,4,4,4,4,4,4,4,5,4,5,7,4,4,5,4,5,1,7,6,1,1,1,1,6,6,1,7,1,1
372,2024-08-08 8:26:54,2024-08-08 8:52:25,anónimo,,"Si, autorizo",34,Mujer,4,1,Profesional,Urbana,BOGOTÁ D.C.,Bogota D.C.,2,Agroindustrial,Privado,4,0,No hay información,,3,1,1,3,,2,2,40.0,5,5,3,2,3,4,6,6,6,6,6,4,4,4,4,4,7,7,7,7,3,2,2,6,3.240418118,4,6,6,6,5,5,2.341463415,5.0,5.0,5.0,5.0,5.0,4.0,5.0,5.0,4.0,5.0,2.0,0.0,0.0,0.0,1,1,1,1,3,3,1,1,1,Raramente,2,2,2,2,2,2,2,2,2,2,2,2,6,6,6,6,6,6,6,6,6,6,5,6,6,6,6,6,6,6,6,6,5,7,7,7,7,6,6,7,7,7,3,4,1,2,2,4,2,4,4,4,2,2,2
2122,2024-10-10 11:08:41,2024-10-10 11:28:14,anonymous,,"Si, autorizo",19,Hombre,3,0,Primaria,Rural,CUNDINAMARCA,Zipaquirá,1,Agroindustrial,Privado,4,0,Indefinido,,1,5,1,1,,2,1,90.0,4,4,4,1,2,4,2,7,7,7,7,7,7,7,7,4,4,7,7,7,7,1,2,2,3.240418118,7,7,4,7,7,7,2.341463415,5.0,5.0,4.0,3.0,5.0,5.0,3.0,5.0,5.0,2.0,5.0,2.0,2.0,2.0,3,5,5,3,5,5,5,5,5,5,2,3,3,1,1,2,2,2,2,2,2,2,5,4,2,2,2,4,5,2,2,2,3,2,4,5,7,7,6,6,6,6,5,6,6,7,5,5,3,5,7,6,2,2,2,4,2,2,2,4,4,2,2,2,2
1892,2024-09-26 10:30:52,2024-09-26 10:52:57,anonymous,,"Si, autorizo",46,Mujer,3,2,Primaria,Urbana,CUNDINAMARCA,Gachancipá,1,Agroindustrial,Privado,4,0,Indefinido,,2,5,0,2,,2,1,3.0,6,7,7,2,7,4,1,7,7,7,7,7,7,7,7,7,7,7,7,7,7,1,1,1,3.240418118,7,7,7,7,1,1,2.341463415,0.0,5.0,5.0,5.0,5.0,5.0,0.0,5.0,5.0,5.0,5.0,0.0,0.0,0.0,1,1,1,1,1,1,1,1,1,1,1,1,1,1,1,1,1,1,1,1,1,1,7,7,7,7,7,7,7,7,7,7,7,7,7,7,7,7,7,7,7,7,1,1,1,1,1,1,1,1,1,1,1,1,1,1,1,1,1,1,1,1,1,1,1
1427,2024-08-29 9:15:27,2024-08-29 9:57:04,anonymous,,"Si, autorizo",25,Mujer,3,1,Técnico,Urbana,Cundinamarca,Zipaquirá,1,Agroindustrial,Privado,4,0,No hay Información,,1,5,0,6,,2,1,8.0,4,4,7,1,1,1,1,7,7,7,7,7,7,7,4,4,4,7,7,7,7,1,1,1,3.240418118,7,7,7,7,4,4,2.341463415,5.0,5.0,5.0,5.0,5.0,5.0,5.0,5.0,5.0,5.0,5.0,0.0,0.0,0.0,1,1,1,1,1,1,1,1,1,1,3,2,2,1,1,1,1,1,1,1,1,2,7,7,7,7,7,7,7,7,7,7,7,7,7,7,7,7,7,7,7,7,7,7,7,7,7,7,7,7,7,7,1,4,1,4,4,1,1,4,2,1,1,1,1
898,2024-08-22 8:21:13,2024-08-22 8:42:48,anonymous,,"Si, autorizo",26,Mujer,4,0,Profesional,Rural,Cundinamarca,Tocancipá,2,Agroindustrial,Privado,4,0,No hay Información,,2,5,1,3,,2,1,182.0,5,5,5,1,2,1,2,6,5,5,6,6,6,6,5,5,5,6,6,6,6,2,2,2,3.240418118,6,6,6,6,6,6,2.341463415,4.0,5.0,5.0,4.0,5.0,5.0,4.0,5.0,5.0,3.0,5.0,2.0,0.0,,1,1,1,1,1,2,2,2,2,2,3,3,3,2,1,1,2,2,2,2,2,2,7,6,5,6,6,6,6,6,6,6,5,6,6,6,6,6,7,6,6,7,7,6,6,7,6,6,6,6,7,6,4,4,2,4,4,2,2,4,4,2,2,2,2
72,2024-04-29 19:05:27,2024-04-29 19:09:09,anonymous,,"Si, autorizo",47,Hombre,1,4,Posgrado,Urbana,BOGOTÁ D.C.,Bogota D.C.,5,Financiero,Privado,2,0,Término fijo,47.0,3,4,1,4,3.0,2,1,30.0,7,6,7,2,2,4,4,7,7,7,7,7,7,7,7,7,7,7,7,7,7,2,2,2,7.0,7,7,7,6,6,6,6.0,4.0,4.0,4.0,4.0,4.0,4.0,4.0,4.0,4.0,4.0,4.0,4.0,4.0,4.0,4,4,4,4,4,4,4,4,4,4,3,3,3,3,3,3,3,3,3,3,3,3,5,5,5,5,5,5,5,5,5,5,5,5,5,5,6,5,5,5,5,5,6,7,7,6,6,6,6,6,7,7,1,4,1,1,1,6,6,6,6,3,2,2,2
1856,2024-09-26 9:34:53,2024-09-26 9:48:00,anonymous,,"Si, autorizo",24,Hombre,1,1,Bachiller,Urbana,CUNDINAMARCA,Gachancipá,1,Agroindustrial,Privado,4,0,Indefinido,,1,5,0,2,,2,1,2.0,2,3,3,1,3,3,2,3,3,3,3,3,3,1,3,3,1,7,3,7,7,1,1,1,3.240418118,3,3,4,2,3,3,2.341463415,5.0,5.0,3.0,3.0,3.0,3.0,0.0,0.0,3.0,2.0,2.0,5.0,5.0,0.0,1,1,1,1,1,1,1,1,1,1,3,3,3,2,1,1,1,1,2,1,1,3,6,6,6,6,6,7,7,6,6,5,4,7,4,5,6,7,7,7,7,7,7,6,7,7,7,6,7,6,7,7,1,1,1,4,4,2,4,3,4,1,2,1,1
635,2024-08-15 9:05:42,2024-08-15 9:39:35,anonymous,,"Si, autorizo",34,Mujer,4,2,Técnico,Rural,Cundinamarca,Zipaquirá,1,Agroindustrial,Privado,4,0,No hay Información,,2,5,0,3,,2,1,8.0,6,6,6,1,1,1,2,6,6,6,6,6,6,6,6,6,6,6,6,6,6,2,2,2,3.240418118,5,2,5,6,5,5,2.341463415,3.0,3.0,5.0,4.0,5.0,5.0,3.0,5.0,5.0,5.0,5.0,3.0,1.0,0.0,1,1,1,2,2,2,5,5,3,5,2,2,2,2,2,1,2,2,2,2,2,2,5,5,5,4,6,6,5,5,6,6,6,6,6,6,6,6,6,6,6,6,6,6,6,6,5,5,6,5,6,6,1,4,4,4,3,2,2,2,2,2,2,2,2
550,2024-08-15 7:22:50,2024-08-15 8:02:09,anonymous,,"Si, autorizo",33,Mujer,4,1,Técnico,Urbana,Cundinamarca,Zipaquirá,2,Agroindustrial,Privado,4,0,No hay Información,,2,5,0,2,,2,1,8.0,1,2,7,4,1,4,2,1,1,2,1,2,1,1,1,1,1,7,7,7,7,1,1,1,3.240418118,4,4,2,1,1,1,2.341463415,0.0,,4.0,2.0,3.0,3.0,0.0,5.0,3.0,1.0,3.0,5.0,1.0,1.0,1,1,1,1,1,5,5,1,5,7,4,5,5,5,2,1,3,2,1,5,2,3,2,3,3,4,4,2,4,6,2,7,4,2,7,7,1,7,7,4,7,7,2,7,7,7,6,2,3,7,7,7,7,2,7,2,4,7,5,7,5,7,4,7,1
1547,2024-08-30 7:59:13,2024-08-30 8:22:54,anonymous,,"Si, autorizo",20,Mujer,3,0,Bachiller,Rural,Cundinamarca,Tocancipá,3,Agroindustrial,Privado,4,0,No hay Información,,2,5,0,2,,2,1,3.0,1,1,1,4,3,4,1,1,1,1,1,1,1,2,7,7,7,7,7,7,7,1,1,1,3.240418118,4,5,7,7,7,7,2.341463415,5.0,3.0,5.0,4.0,5.0,5.0,5.0,5.0,5.0,2.0,2.0,0.0,0.0,0.0,4,5,1,1,1,1,3,1,1,3,3,3,3,2,2,1,1,1,1,1,1,1,6,6,4,7,5,4,5,6,7,3,5,4,4,7,4,5,7,5,6,7,6,6,6,7,7,6,7,7,7,6,2,2,2,5,5,4,2,4,4,4,2,2,6
264,2024-04-29 12:05:14,2024-04-29 15:24:40,anonymous,,"Si, autorizo",30,Mujer,4,2,Posgrado,Urbana,BOYACÁ,Tunja,4,Gobierno,Público,4,0,Termino Indefinido,40.0,4,6,0,3,1.0,2,1,40.0,2,5,3,4,3,5,4,2,2,2,2,3,3,2,5,5,5,6,6,6,6,2,2,2,1.0,3,3,1,1,1,1,1.0,0.0,5.0,3.0,2.0,2.0,1.0,1.0,5.0,5.0,3.0,2.0,4.0,3.0,5.0,1,1,1,1,1,6,6,6,6,6,4,4,4,4,3,1,2,2,2,4,1,1,1,1,1,1,1,1,1,1,1,1,1,1,1,1,1,1,7,1,1,3,2,7,1,7,6,1,1,6,5,7,5,5,6,7,6,3,7,5,6,3,3,7,7
875,2024-08-22 7:27:23,2024-08-22 7:51:59,anonymous,,"Si, autorizo",18,Mujer,3,0,Bachiller,Rural,Cundinamarca,Tocancipá,2,Agroindustrial,Privado,4,0,No hay Información,,2,5,0,1,,2,1,40.0,4,4,3,1,3,3,2,6,6,7,7,6,4,6,3,4,2,5,7,7,6,3,3,2,3.240418118,4,5,3,5,4,4,2.341463415,4.0,4.0,4.0,4.0,,5.0,3.0,4.0,5.0,4.0,5.0,0.0,0.0,0.0,1,1,1,1,1,4,1,2,4,2,2,3,3,2,1,1,2,1,1,2,2,2,5,6,4,5,6,4,2,5,6,5,7,5,6,4,4,7,6,6,6,6,6,4,6,6,6,6,6,6,7,6,4,5,2,4,2,2,4,4,4,4,2,4,2
2226,2024-10-18 10:45:14,2024-10-18 11:17:02,anonymous,,"Si, autorizo",35,Mujer,3,2,Primaria,Urbana,CUNDINAMARCA,Chía,2,Agroindustrial,Privado,4,0,Indefinido,,2,5,0,3,,2,1,20.0,1,2,3,1,1,1,1,3,3,7,4,2,4,4,2,2,2,7,4,7,2,2,1,3,3.240418118,2,3,3,1,2,3,2.341463415,2.0,5.0,5.0,5.0,5.0,5.0,0.0,5.0,5.0,5.0,5.0,0.0,0.0,0.0,4,4,4,1,1,1,1,1,1,5,3,3,3,1,1,1,1,3,1,1,1,1,6,6,6,6,6,6,6,6,6,6,6,6,6,6,6,6,6,6,6,6,7,6,6,6,6,7,6,7,7,7,1,4,1,4,4,1,1,4,1,4,1,1,1
76,2024-04-25 11:00:24,2024-04-25 11:10:32,anonymous,,"Si, autorizo",30,Mujer,3,0,Profesional,Urbana,CUNDINAMARCA,Zipaquirá,3,Otro,Privado,3,0,Presentación de servicios,47.0,3,1,1,3,1.0,2,1,0.0,4,2,4,1,1,2,3,6,6,6,6,6,6,6,5,6,5,4,6,6,5,4,2,2,4.0,4,4,5,3,2,2,2.0,1.0,5.0,5.0,4.0,5.0,5.0,5.0,5.0,5.0,5.0,5.0,0.0,0.0,1.0,1,1,1,1,1,4,3,3,3,3,4,5,5,2,1,1,3,3,2,4,2,3,6,5,5,5,5,6,5,6,5,6,5,6,6,5,2,6,5,6,5,5,4,7,7,7,7,6,6,7,7,6,6,7,7,6,5,2,5,5,5,6,2,3,4
112,2024-04-01 10:49:15,2024-04-01 11:04:40,anonymous,,"Si, autorizo",32,Hombre,3,0,Posgrado,Urbana,BOGOTÁ D.C.,Bogota D.C.,4,Educativo,Privado,4,0,Término fijo,40.0,4,5,0,3,3.0,2,1,100.0,6,4,4,4,4,4,4,6,5,6,7,7,7,7,7,7,7,6,7,6,7,2,3,2,3.0,4,4,6,4,1,1,1.0,0.0,5.0,4.0,4.0,4.0,4.0,2.0,4.0,3.0,4.0,4.0,3.0,5.0,1.0,2,2,2,2,2,3,3,6,6,6,4,4,2,3,1,3,3,2,2,1,1,1,4,4,4,4,3,4,5,5,5,3,3,5,5,6,6,4,5,3,2,6,3,7,4,3,3,3,4,3,3,7,3,3,5,2,2,3,5,2,5,2,3,2,3
538,2024-08-15 7:52:03,2024-08-15 7:59:44,anonymous,,"Si, autorizo",28,Mujer,3,2,Técnico,Rural,Cundinamarca,Zipaquirá,2,Agroindustrial,Privado,4,0,Indefinido,46.0,2,5,0,3,,2,1,8.0,1,3,5,4,4,4,1,1,1,1,1,1,1,1,4,4,4,7,7,7,7,3,1,2,3.240418118,3,4,4,1,1,2,2.341463415,0.0,5.0,3.0,3.0,5.0,3.0,0.0,5.0,3.0,3.0,0.0,5.0,5.0,5.0,4,1,1,4,1,5,5,5,5,7,3,3,3,3,2,2,1,1,1,3,2,3,4,4,4,4,4,4,4,4,4,4,4,4,4,4,4,7,7,7,4,4,4,5,7,7,5,2,4,4,7,7,2,3,6,4,4,4,4,5,6,3,2,2,1
2027,2024-09-27 10:31:33,2024-09-27 10:57:07,anonymous,,"Si, autorizo",53,Mujer,4,4,Primaria,Urbana,CUNDINAMARCA,Zipaquirá,2,Agroindustrial,Privado,4,0,Indefinido,,2,5,0,6,,2,1,15.0,4,4,3,1,3,2,3,3,3,4,4,4,3,3,1,2,3,3,7,7,3,3,3,2,3.240418118,3,3,3,3,3,3,2.341463415,2.0,3.0,3.0,5.0,5.0,5.0,1.0,3.0,3.0,5.0,5.0,0.0,0.0,0.0,4,4,4,4,4,4,4,4,4,4,3,3,3,4,3,3,3,3,2,2,2,3,4,5,5,5,4,5,4,5,3,4,4,4,4,4,3,3,5,3,4,4,6,5,6,6,4,6,6,6,7,6,4,4,4,4,6,4,4,4,4,4,4,4,4
199,2024-04-11 10:43:30,2024-04-11 11:08:36,anonymous,,"Si, autorizo",50,Mujer,4,4,Posgrado,Urbana,BOYACÁ,Tunja,3,Gobierno,Público,5,0,Termino Indefinido,40.0,2,6,0,7,10.0,2,1,40.0,6,5,5,2,4,4,4,6,6,6,6,6,6,6,6,6,6,6,6,6,6,2,2,2,4.0,4,2,4,6,2,2,2.0,1.0,5.0,4.0,5.0,5.0,5.0,5.0,5.0,5.0,4.0,5.0,0.0,0.0,0.0,4,4,4,4,4,4,4,4,4,4,2,3,3,2,1,1,1,2,2,2,2,2,7,6,7,5,7,7,6,6,6,7,6,6,6,7,7,7,7,7,7,7,7,7,7,7,7,6,7,7,7,7,2,4,4,3,3,4,4,4,4,4,2,2,4
252,2024-04-29 9:31:11,2024-04-29 9:51:11,anonymous,,"Si, autorizo",59,Hombre,1,3,Pregrado,Urbana,BOYACÁ,Tunja,3,Gobierno,Público,5,0,Termino Indefinido,40.0,4,6,0,7,10.0,2,1,40.0,5,6,6,1,4,4,3,6,5,6,6,6,6,6,3,3,3,6,6,6,6,2,4,2,5.0,6,6,5,3,1,1,1.0,0.0,5.0,5.0,4.0,5.0,5.0,5.0,5.0,5.0,5.0,5.0,5.0,0.0,0.0,1,1,1,1,4,5,3,3,3,3,4,4,2,3,2,1,1,2,1,1,1,2,6,7,6,6,6,7,6,7,6,7,6,7,7,7,7,6,7,7,7,7,6,7,4,7,7,5,7,7,7,7,4,6,6,6,7,4,4,4,4,4,4,4,4
50,2024-04-10 15:26:17,2024-04-10 15:36:25,anonymous,,"Si, autorizo",49,Mujer,2,2,Posgrado,Urbana,BOGOTÁ D.C.,Bogota D.C.,5,Financiero,Privado,2,0,Término fijo,47.0,3,4,1,4,1.0,2,1,15.0,6,4,6,3,3,3,3,5,5,5,5,5,6,6,6,6,6,7,7,7,7,3,3,3,7.0,7,7,7,6,6,6,6.0,3.0,5.0,5.0,5.0,5.0,5.0,5.0,5.0,5.0,5.0,5.0,0.0,0.0,0.0,5,3,5,5,5,4,4,4,4,4,2,2,3,2,1,2,2,2,2,2,2,3,7,7,7,7,7,7,7,7,7,7,7,7,7,7,7,7,7,7,7,7,7,7,6,6,6,6,6,6,7,7,2,4,1,2,2,4,2,2,2,2,2,2,2
281,2024-05-02 10:44:51,2024-05-02 11:05:23,anonymous,,"Si, autorizo",46,Mujer,1,2,Pregrado,Urbana,BOYACÁ,Tunja,5,Gobierno,Público,5,0,Termino Indefinido,40.0,3,6,0,1,1.0,2,1,40.0,4,5,4,2,2,2,2,6,5,6,5,6,5,5,4,4,2,5,6,5,5,2,2,2,3.0,3,3,5,5,2,2,2.0,1.0,5.0,4.0,5.0,5.0,5.0,5.0,5.0,5.0,5.0,5.0,0.0,0.0,0.0,1,1,1,1,1,1,1,1,1,5,3,3,2,3,2,1,1,1,2,1,1,1,5,4,5,5,4,4,4,5,5,4,5,5,5,7,7,6,7,5,5,6,5,6,6,6,7,5,5,7,7,7,2,4,2,5,5,4,4,4,4,4,1,4,1
1703,2024-08-30 10:46:04,2024-08-30 11:23:24,anonymous,,"Si, autorizo",52,Mujer,4,2,Primaria,Urbana,Cundinamarca,Zipaquirá,1,Agroindustrial,Privado,4,0,No hay Información,,2,5,0,5,,2,1,20.0,3,3,6,2,1,3,2,7,7,7,7,7,2,7,7,3,1,7,7,7,3,3,3,7,3.240418118,3,7,3,4,4,4,2.341463415,2.0,5.0,2.0,2.0,2.0,5.0,1.0,4.0,5.0,4.0,5.0,1.0,5.0,2.0,7,7,2,7,6,6,7,7,7,7,3,5,5,3,3,5,3,1,1,3,3,4,6,4,3,7,5,4,6,4,5,3,7,3,6,3,3,2,2,3,3,4,6,2,1,2,2,7,2,4,7,1,4,4,4,7,7,4,4,7,4,4,4,4,4
2187,2024-10-18 9:21:10,2024-10-18 10:00:38,anonymous,,"Si, autorizo",55,Mujer,1,3,Primaria,Rural,CUNDINAMARCA,Chía,2,Agroindustrial,Privado,4,0,Indefinido,,2,5,0,7,,2,1,1.0,2,1,1,1,1,1,1,4,1,1,3,1,1,1,4,2,1,7,7,7,7,4,1,1,3.240418118,7,7,1,4,3,4,2.341463415,5.0,5.0,5.0,5.0,5.0,5.0,5.0,5.0,5.0,5.0,0.0,0.0,0.0,0.0,5,5,3,5,4,3,4,4,4,5,3,3,5,5,5,5,1,1,2,4,4,3,1,1,6,1,6,3,5,1,1,1,1,1,1,2,6,7,3,6,5,7,7,6,5,2,6,5,6,6,7,6,1,5,6,7,7,1,1,6,6,4,1,6,4
2001,2024-09-27 9:17:03,2024-09-27 9:53:03,anonymous,,"Si, autorizo",52,Hombre,3,3,Bachiller,Urbana,CUNDINAMARCA,Zipaquirá,2,Agroindustrial,Privado,4,0,Indefinido,,2,5,0,7,,2,1,15.0,3,3,7,1,1,1,1,4,4,7,4,4,4,4,4,7,2,3,7,7,4,1,1,3,3.240418118,7,7,3,7,7,7,2.341463415,5.0,5.0,5.0,5.0,5.0,5.0,5.0,5.0,5.0,5.0,5.0,4.0,0.0,0.0,1,1,1,1,1,5,3,1,1,5,3,3,3,3,1,1,1,1,3,1,3,3,7,7,6,5,7,7,5,5,6,5,4,6,5,6,6,5,5,7,6,6,6,6,6,7,7,6,7,7,6,6,4,4,3,4,4,1,4,4,4,4,4,4,4
2168,2024-10-18 9:12:32,2024-10-18 9:26:59,anonymous,,"Si, autorizo",26,Mujer,3,0,Tecnológico,Rural,CUNDINAMARCA,Chía,2,Agroindustrial,Privado,4,0,Indefinido,,1,1,0,2,,2,2,10.0,3,2,2,3,3,4,6,3,3,3,4,3,3,4,3,4,3,7,7,7,7,5,3,4,3.240418118,4,4,3,2,3,2,2.341463415,3.0,4.0,4.0,3.0,3.0,3.0,4.0,5.0,4.0,1.0,2.0,3.0,3.0,0.0,3,1,1,1,1,6,6,3,5,7,4,4,4,3,2,2,2,4,2,3,3,2,4,5,5,4,4,4,3,5,4,4,5,4,6,6,6,4,7,4,5,6,4,6,4,2,4,4,4,6,7,6,4,5,5,5,2,7,7,6,6,4,5,5,4
436,2024-08-08 7:53:20,2024-08-08 10:24:58,anónimo,,"Si, autorizo",24,Hombre,4,1,Primaria,Urbana,Cundinamarca,Tocancipá,1,Agroindustrial,Privado,4,0,Indefinido,,2,5,0,1,,2,1,10.0,1,2,1,1,1,1,7,7,7,7,7,7,7,7,7,7,7,7,7,7,1,1,7,7,3.240418118,7,1,3,3,7,7,2.341463415,5.0,5.0,5.0,5.0,5.0,0.0,5.0,5.0,5.0,5.0,2.0,2.0,4.0,4.0,7,1,7,7,7,4,4,7,7,Nunca,3,1,3,1,1,1,1,1,1,1,1,1,7,7,7,7,7,7,7,7,7,7,6,6,7,7,7,7,7,7,7,7,7,7,6,7,7,7,7,7,7,7,1,4,1,4,4,1,1,4,4,1,7,4,4
1309,2024-08-26 8:32:13,2024-08-26 13:16:26,anonymous,,"Si, autorizo",58,Hombre,1,3,Bachiller,Rural,Cundinamarca,Sutatausa,2,Agroindustrial,Privado,4,0,No hay Información,,4,5,0,6,,2,1,17.0,1,1,1,3,3,1,3,3,1,3,7,7,7,7,2,3,3,7,7,7,7,1,1,4,3.240418118,7,7,7,7,7,3,2.341463415,5.0,5.0,5.0,5.0,5.0,5.0,5.0,5.0,5.0,5.0,5.0,0.0,0.0,1.0,1,4,4,4,4,4,4,4,4,4,4,2,3,1,1,1,1,1,1,2,1,1,7,7,7,7,7,7,7,7,7,7,7,7,7,7,7,7,7,7,7,7,7,7,7,7,7,7,7,7,7,7,1,4,2,4,4,4,2,4,2,7,1,1,1
2157,2024-10-18 8:16:52,2024-10-18 8:54:54,anonymous,,"Si, autorizo",40,Hombre,1,1,Primaria,Urbana,CUNDINAMARCA,Cajicá,3,Agroindustrial,Privado,4,0,Indefinido,,2,5,0,4,,2,1,11.0,4,4,3,1,1,1,4,1,1,1,1,2,1,1,4,2,1,2,7,5,4,2,4,4,3.240418118,3,3,4,4,4,7,2.341463415,2.0,3.0,2.0,5.0,5.0,3.0,3.0,5.0,5.0,2.0,4.0,4.0,2.0,4.0,3,1,1,1,1,1,3,4,4,4,3,2,2,3,2,1,1,1,1,1,1,1,6,6,6,6,5,6,6,5,6,6,5,4,5,4,5,6,6,7,6,7,4,6,7,6,6,6,6,7,7,5,1,1,2,4,4,4,4,2,2,4,2,4,1
438,2024-08-08 9:53:18,2024-08-08 10:27:53,anónimo,,"Si, autorizo",47,Hombre,2,3,Tecnológico,Urbana,Cundinamarca,Tocancipá,3,Agroindustrial,Privado,4,0,No hay información,,2,1,1,7,,2,1,40.0,7,7,4,3,7,4,2,2,2,2,2,3,2,3,3,3,7,7,7,7,3,2,6,7,3.240418118,7,7,7,7,7,7,2.341463415,5.0,5.0,5.0,5.0,5.0,5.0,5.0,5.0,3.0,5.0,0.0,0.0,0.0,0.0,1,1,1,1,1,1,1,1,1,Nunca,1,1,1,1,1,1,1,1,1,1,1,1,7,7,7,7,7,7,7,7,7,7,7,7,7,7,7,7,7,7,7,7,7,7,7,7,7,7,6,7,7,7,1,4,1,1,1,4,1,1,1,2,1,1,1
1428,2024-08-29 9:14:44,2024-08-29 9:57:05,anonymous,,"Si, autorizo",47,Mujer,1,5,Primaria,Rural,Cundinamarca,Tocancipá,2,Agroindustrial,Privado,4,0,No hay Información,,1,5,0,6,,2,1,15.0,3,3,7,1,1,1,1,7,7,7,3,7,7,7,3,3,3,7,7,7,7,1,1,1,3.240418118,7,7,7,7,3,3,2.341463415,2.0,5.0,5.0,5.0,5.0,5.0,5.0,5.0,5.0,5.0,5.0,0.0,0.0,0.0,1,1,1,4,1,1,1,1,1,1,3,3,2,1,1,1,1,1,1,1,1,2,7,7,7,7,7,7,7,7,7,7,7,7,7,7,7,7,7,7,7,7,7,5,7,5,7,7,7,7,7,7,4,4,1,4,4,1,1,4,2,1,1,1,1
971,2024-08-22 10:02:54,2024-08-22 10:36:16,anonymous,,"Si, autorizo",33,Mujer,3,2,Bachiller,Rural,Cundinamarca,Gachancipá,2,Agroindustrial,Privado,4,0,No hay Información,,1,5,0,2,,2,1,5.0,2,2,2,1,2,2,3,6,6,6,6,5,5,5,6,5,5,7,7,7,7,3,5,2,3.240418118,2,5,5,5,3,4,2.341463415,3.0,4.0,5.0,5.0,5.0,5.0,5.0,5.0,5.0,4.0,5.0,0.0,0.0,0.0,1,1,1,1,5,4,1,4,1,3,2,3,2,1,1,1,2,2,2,2,1,1,6,6,7,6,7,7,6,6,7,6,6,6,5,6,4,6,6,7,6,6,7,6,5,6,6,7,7,5,7,6,2,2,2,4,3,2,2,4,2,2,2,4,2
922,2024-08-22 8:18:20,2024-08-22 8:57:05,anonymous,,"Si, autorizo",20,Mujer,4,1,Bachiller,Urbana,Cundinamarca,Zipaquirá,1,Agroindustrial,Privado,4,0,No hay Información,,2,5,0,1,,2,1,5.0,1,6,7,1,5,5,1,5,1,5,6,5,1,1,1,2,1,7,5,7,3,1,2,2,3.240418118,4,4,4,6,6,6,2.341463415,4.0,5.0,3.0,4.0,5.0,5.0,5.0,5.0,5.0,3.0,5.0,4.0,2.0,2.0,5,1,1,5,5,1,1,1,1,1,2,3,3,2,3,2,3,1,3,5,3,1,2,1,1,2,3,1,2,5,2,3,3,7,3,3,7,2,7,4,4,3,6,3,4,4,6,6,7,6,6,5,4,7,3,6,1,4,7,4,7,7,6,7,7
1436,2024-08-29 10:21:05,2024-08-29 10:47:44,anonymous,,"Si, autorizo",28,Mujer,4,3,Bachiller,Urbana,Cundinamarca,Tocancipá,2,Agroindustrial,Privado,4,0,Indefinido,45.0,2,5,1,2,,2,1,15.0,3,4,3,2,2,2,7,3,3,2,2,2,1,2,7,7,7,7,7,7,2,2,2,2,3.240418118,2,2,2,2,2,2,2.341463415,1.0,4.0,5.0,5.0,5.0,5.0,5.0,5.0,5.0,5.0,5.0,0.0,0.0,0.0,1,1,1,1,1,1,1,1,1,1,2,2,2,2,2,1,1,1,2,2,3,2,3,7,6,7,7,7,6,7,7,7,7,3,5,4,5,5,6,3,5,4,7,6,6,6,6,6,6,6,6,6,2,2,2,2,2,1,2,2,2,2,2,2,2
1848,2024-09-26 9:01:15,2024-09-26 9:36:19,anonymous,,"Si, autorizo",34,Mujer,4,4,Primaria,Urbana,CUNDINAMARCA,Chocontá,2,Agroindustrial,Privado,4,0,Indefinido,,2,5,0,4,,2,1,5.0,1,4,4,1,1,1,1,7,4,4,4,4,4,4,4,4,4,7,7,7,4,1,1,1,3.240418118,7,4,4,4,4,4,2.341463415,2.0,5.0,4.0,4.0,4.0,3.0,4.0,5.0,4.0,0.0,5.0,5.0,0.0,0.0,1,1,1,2,2,1,3,1,1,5,3,3,3,3,3,4,2,3,2,2,2,2,6,5,6,6,6,6,5,5,5,6,6,5,6,7,6,6,6,6,6,6,6,7,6,6,6,6,5,7,7,6,1,5,1,5,5,2,2,3,3,2,2,2,3
1653,2024-08-30 9:50:08,2024-08-30 10:24:53,anonymous,,"Si, autorizo",26,Mujer,4,2,Bachiller,Urbana,Cundinamarca,Zipaquirá,1,Agroindustrial,Privado,4,0,No hay Información,,2,5,0,2,,2,1,62.0,2,2,2,1,2,1,1,2,4,4,4,5,7,7,2,5,7,7,7,7,7,1,1,1,3.240418118,5,5,2,1,2,4,2.341463415,3.0,5.0,5.0,5.0,5.0,5.0,4.0,5.0,5.0,5.0,5.0,2.0,2.0,2.0,1,1,1,7,1,1,1,5,5,5,1,2,1,5,1,1,2,1,3,1,1,1,7,7,7,7,7,7,7,7,7,7,7,7,7,7,7,7,7,7,7,7,7,7,7,7,7,7,7,7,7,7,1,4,4,4,2,1,1,4,4,1,1,4,1
1081,2024-08-26 9:37:44,2024-08-26 10:01:07,anonymous,,"Si, autorizo",22,Mujer,4,0,Bachiller,Rural,Cundinamarca,Ubaté,2,Agroindustrial,Privado,4,0,No hay Información,,2,5,0,2,,2,1,17.0,1,4,6,1,4,1,1,7,6,7,7,7,4,7,2,2,2,7,7,7,7,1,1,1,3.240418118,7,7,7,7,2,2,2.341463415,5.0,5.0,5.0,5.0,5.0,5.0,3.0,5.0,5.0,4.0,5.0,0.0,1.0,0.0,1,2,1,1,1,1,1,1,1,3,2,3,3,1,2,1,2,2,2,2,1,1,6,6,6,5,5,5,5,5,5,5,7,6,6,6,6,6,6,7,6,6,6,5,6,6,6,6,6,5,6,6,4,4,2,3,2,2,2,4,4,2,2,2,3
19,2024-04-10 19:00:08,2024-04-10 19:17:25,anonymous,,"Si, autorizo",51,Hombre,1,0,Profesional,Urbana,BOGOTÁ D.C.,Bogota D.C.,3,Otro,Privado,1,0,Indefinido,50.0,3,5,1,5,3.0,2,1,20.0,5,2,7,1,1,1,6,7,6,6,6,7,7,2,3,4,2,7,7,7,7,5,5,4,6.0,7,7,7,2,1,1,1.0,0.0,5.0,4.0,5.0,5.0,4.0,5.0,5.0,5.0,5.0,5.0,4.0,0.0,0.0,3,1,1,1,1,4,1,7,1,5,3,3,4,3,1,1,1,1,2,1,1,2,5,7,5,6,5,5,7,6,6,5,7,7,4,7,6,6,6,7,6,7,6,7,6,7,6,7,7,7,7,6,4,1,3,3,3,5,7,6,7,4,1,5,5
432,2024-08-08 9:16:26,2024-08-08 10:03:08,anónimo,,"Si, autorizo",48,Mujer,4,2,Bachiller,Rural,Cundinamarca,Cogua,1,Agroindustrial,Privado,4,0,No hay información,,2,5,0,5,,2,1,10.0,4,7,1,3,2,3,3,4,7,3,3,3,3,3,3,2,7,7,7,7,1,1,1,7,3.240418118,3,7,3,1,1,4,2.341463415,3.0,4.0,3.0,3.0,3.0,5.0,3.0,3.0,4.0,3.0,3.0,0.0,0.0,3.0,5,1,1,1,1,1,1,5,1,Alguna Veces,3,3,2,1,1,3,3,3,3,3,3,3,5,5,6,5,6,5,5,6,6,5,6,5,5,6,5,5,6,6,6,6,6,7,7,7,7,6,7,7,7,6,4,4,4,4,4,4,4,4,4,4,4,4,4
1184,2024-08-26 11:34:57,2024-08-26 11:55:21,anonymous,,"Si, autorizo",54,Hombre,1,2,Bachiller,Urbana,Cundinamarca,Ubaté,2,Agroindustrial,Privado,4,0,No hay Información,8.0,1,5,0,6,,2,1,17.0,7,7,7,1,7,1,1,7,7,7,7,7,7,7,7,7,7,7,7,7,7,1,1,1,3.240418118,7,7,7,7,1,3,2.341463415,0.0,5.0,5.0,5.0,5.0,5.0,5.0,5.0,5.0,5.0,5.0,0.0,0.0,0.0,1,1,1,1,1,1,1,1,1,1,3,2,3,1,1,1,1,1,1,1,1,1,7,7,7,7,7,7,7,7,7,7,7,7,7,7,7,7,7,7,7,7,7,7,7,7,7,7,7,7,7,7,1,1,1,4,4,1,1,1,4,1,1,1,1
1986,2024-09-27 9:19:41,2024-09-27 9:37:49,anonymous,,"Si, autorizo",34,Hombre,3,0,Bachiller,Rural,CUNDINAMARCA,Zipaquirá,3,Agroindustrial,Privado,4,0,Indefinido,,2,5,0,4,,2,1,15.0,4,3,5,1,1,1,2,7,6,7,6,6,6,5,5,5,5,7,7,7,7,1,1,1,3.240418118,6,5,5,5,5,4,2.341463415,2.0,5.0,5.0,5.0,5.0,5.0,5.0,5.0,4.0,5.0,5.0,0.0,0.0,1.0,1,1,1,1,1,2,2,1,1,1,1,2,1,1,1,2,1,2,1,2,2,2,7,7,7,7,7,7,7,7,7,7,7,7,7,7,7,7,7,7,7,7,7,7,7,7,7,7,7,7,7,7,2,2,2,2,2,2,2,2,1,2,2,2,2
348,2024-08-08 7:28:47,2024-08-08 8:04:41,anónimo,,"Si, autorizo",44,Mujer,4,2,Primaria,Rural,Cundinamarca,Tocancipá,2,Agroindustrial,Privado,4,0,No hay información,,2,5,0,2,,2,1,8.0,4,4,2,4,1,2,4,4,4,4,4,4,4,4,4,4,6,7,7,7,1,1,1,4,3.240418118,4,4,7,7,7,7,2.341463415,5.0,5.0,5.0,5.0,5.0,5.0,5.0,5.0,5.0,5.0,0.0,4.0,0.0,1.0,3,3,3,3,3,3,3,3,3,Nunca,1,1,1,5,1,1,1,1,1,1,1,1,7,7,7,7,7,7,7,7,7,7,7,7,7,7,7,7,7,7,7,7,7,7,7,7,7,7,7,7,7,7,1,4,1,4,4,1,1,4,1,1,1,1,1
1481,2024-08-29 11:26:35,2024-08-29 11:42:43,anonymous,,"Si, autorizo",60,Mujer,2,3,Primaria,Rural,Cundinamarca,Zipaquirá,2,Agroindustrial,Privado,4,0,No hay Información,,2,5,0,6,,2,1,15.0,3,3,7,3,2,2,3,2,2,3,3,3,3,6,2,2,7,7,7,7,7,1,3,1,3.240418118,7,7,2,2,3,3,2.341463415,5.0,5.0,2.0,2.0,5.0,5.0,2.0,5.0,5.0,5.0,0.0,3.0,0.0,0.0,1,1,1,1,1,1,1,1,1,5,3,3,3,1,1,1,1,1,1,1,1,1,7,6,6,7,7,6,7,7,6,7,6,7,3,6,7,7,7,7,6,7,7,6,6,6,7,6,7,7,7,6,1,4,4,1,4,4,1,4,4,4,1,1,4
70,2024-04-24 20:16:28,2024-04-24 20:32:02,anonymous,,"Si, autorizo",23,Hombre,3,0,Tecnológico,Urbana,BOGOTÁ D.C.,Bogota D.C.,4,Educativo,Privado,2,0,Término fijo,45.0,2,1,0,2,1.0,2,1,15.0,2,2,2,2,2,2,2,3,3,3,3,3,4,4,4,4,4,3,3,3,3,3,3,3,2.0,2,2,2,4,4,4,4.0,2.0,2.0,3.0,3.0,3.0,3.0,3.0,3.0,3.0,3.0,3.0,2.0,2.0,2.0,4,4,4,4,4,4,4,4,4,4,4,4,4,4,4,4,4,4,4,4,4,4,6,4,5,4,5,5,4,4,4,4,4,5,4,4,4,4,4,4,4,4,4,4,4,4,4,4,4,4,7,7,4,4,4,4,4,4,4,4,4,4,3,4,4
2101,2024-10-10 10:37:26,2024-10-10 11:09:13,anonymous,,"Si, autorizo",36,Hombre,1,1,Primaria,Urbana,CUNDINAMARCA,Zipaquirá,1,Agroindustrial,Privado,4,0,Indefinido,,2,5,0,3,,2,1,15.0,1,4,4,1,1,1,1,7,4,7,7,7,7,7,4,4,2,7,7,7,7,1,1,1,3.240418118,7,7,2,7,7,7,2.341463415,5.0,5.0,5.0,5.0,5.0,5.0,5.0,5.0,5.0,5.0,5.0,0.0,0.0,0.0,1,1,1,1,1,1,1,1,1,1,1,1,1,1,1,1,1,1,1,1,1,1,7,7,7,7,7,7,7,7,7,7,7,7,7,7,7,7,7,7,7,7,7,7,7,7,7,7,7,7,7,7,1,1,1,1,1,1,1,1,1,1,1,1,1
570,2024-08-15 8:14:56,2024-08-15 8:36:49,anonymous,,"Si, autorizo",32,Mujer,3,1,Primaria,Rural,Cundinamarca,Zipaquirá,1,Agroindustrial,Privado,4,0,No hay Información,,1,5,0,1,,2,1,8.0,1,1,7,1,1,1,1,1,1,1,1,1,1,1,3,3,1,3,7,7,7,1,1,1,3.240418118,3,2,7,1,1,1,2.341463415,0.0,5.0,5.0,5.0,5.0,5.0,5.0,5.0,5.0,5.0,5.0,0.0,0.0,0.0,4,1,1,1,1,1,1,1,1,1,1,1,1,1,1,1,3,3,3,1,1,1,6,7,6,1,7,7,2,7,7,7,7,7,7,7,7,7,7,7,7,7,7,7,7,7,7,7,7,7,7,7,1,4,1,4,4,1,1,4,1,1,1,4,4
412,2024-08-08 9:16:53,2024-08-08 9:50:32,anónimo,,"Si, autorizo",21,Mujer,4,1,Bachiller,Rural,Cundinamarca,Zipaquirá,3,Agroindustrial,Privado,4,0,No hay información,,2,5,0,2,,2,1,10.0,4,7,1,1,1,2,4,3,4,2,7,2,1,2,4,1,6,7,7,7,1,1,2,4,3.240418118,4,2,2,2,4,2,2.341463415,5.0,4.0,0.0,5.0,5.0,3.0,5.0,5.0,5.0,5.0,3.0,0.0,0.0,0.0,1,1,1,1,1,2,1,1,7,Alguna Veces,3,3,3,2,2,3,2,3,3,2,3,3,7,4,6,4,5,1,5,5,5,4,5,5,6,5,4,6,6,6,6,6,5,5,7,5,4,5,4,6,6,6,4,4,7,7,4,2,4,4,4,5,1,1,1
1208,2024-08-26 11:42:23,2024-08-26 12:11:59,anonymous,,"Si, autorizo",60,Hombre,1,3,Bachiller,Urbana,Cundinamarca,Ubaté,1,Agroindustrial,Privado,4,0,No hay Información,,2,5,0,7,,2,1,17.0,4,5,5,2,3,1,4,6,4,7,7,4,4,7,2,4,2,7,7,7,7,4,1,2,3.240418118,4,5,4,7,2,4,2.341463415,4.0,4.0,4.0,5.0,5.0,5.0,3.0,4.0,5.0,1.0,3.0,0.0,0.0,0.0,1,1,1,1,1,1,5,5,1,3,2,3,2,2,1,1,2,1,2,4,1,1,5,5,4,5,5,6,5,4,5,5,6,5,6,6,6,5,6,6,6,6,6,5,6,6,7,6,6,6,6,6,2,2,2,4,4,4,2,4,4,2,1,1,2
1904,2024-09-26 11:30:49,2024-09-26 11:40:34,anonymous,,"Si, autorizo",47,Hombre,4,3,Bachiller,Urbana,CUNDINAMARCA,Zipaquirá,2,Agroindustrial,Privado,4,0,Indefinido,,2,5,0,7,,2,1,20.0,6,6,6,6,6,6,6,6,6,6,6,6,6,6,6,6,6,6,7,7,7,7,7,7,3.240418118,7,7,7,5,4,4,2.341463415,2.0,3.0,3.0,4.0,3.0,5.0,0.0,0.0,5.0,5.0,5.0,0.0,0.0,0.0,1,1,1,1,1,1,1,1,1,1,1,1,1,1,1,1,1,1,1,1,1,1,6,6,6,6,6,6,6,6,6,6,6,6,6,6,6,6,6,6,6,6,6,6,6,6,6,6,6,6,6,6,1,2,1,4,4,4,2,4,2,1,2,2,2
171,2024-04-10 17:02:42,2024-04-10 17:22:16,anonymous,,"Si, autorizo",36,Mujer,3,0,Tecnológo,Urbana,BOYACÁ,Tunja,2,Gobierno,Público,5,0,Temporal,42.0,2,3,0,4,1.0,2,1,40.0,6,6,6,1,1,1,2,6,6,6,6,5,5,5,5,6,6,6,6,6,6,1,1,1,6.0,6,6,6,6,1,1,1.0,0.0,5.0,5.0,5.0,5.0,5.0,5.0,5.0,5.0,5.0,5.0,0.0,0.0,0.0,1,1,1,1,1,1,1,1,1,1,2,1,2,1,1,1,1,1,1,1,1,1,7,7,7,7,7,7,7,7,7,7,7,7,7,7,7,7,7,7,7,7,7,7,7,7,7,7,7,7,7,7,2,2,1,4,4,1,2,2,1,2,1,1,1
1011,2024-08-22 11:28:53,2024-08-22 11:50:47,anonymous,,"Si, autorizo",26,Hombre,3,0,Profesional,Urbana,Cundinamarca,Zipaquirá,3,Agroindustrial,Privado,4,0,Indefinido,45.0,2,1,1,2,,2,1,400.0,6,7,6,2,4,2,6,5,5,5,5,4,4,4,5,6,4,6,6,7,7,4,4,2,3.240418118,5,6,6,6,4,5,2.341463415,3.0,5.0,4.0,4.0,5.0,5.0,4.0,5.0,4.0,2.0,5.0,0.0,0.0,0.0,1,1,1,1,1,1,1,1,1,1,3,3,4,2,2,1,4,3,2,2,1,2,6,6,7,6,6,5,7,7,6,5,6,6,6,6,6,7,6,6,5,6,6,5,6,7,6,6,6,6,6,6,3,3,1,2,2,4,4,3,3,2,2,4,2
2125,2024-10-10 10:38:55,2024-10-10 11:34:48,anonymous,,"Si, autorizo",30,Hombre,4,2,Bachiller,Rural,CUNDINAMARCA,Zipaquirá,2,Agroindustrial,Privado,4,0,Indefinido,,2,5,0,2,,2,1,90.0,2,2,2,3,6,6,6,4,6,6,5,5,5,6,4,4,4,7,6,6,7,1,2,2,3.240418118,6,2,2,4,4,1,2.341463415,0.0,0.0,4.0,4.0,4.0,4.0,3.0,5.0,4.0,2.0,4.0,3.0,2.0,1.0,1,3,1,1,1,1,3,1,1,1,2,4,3,2,2,1,1,1,2,1,1,1,6,6,6,6,6,6,6,5,6,6,6,6,6,6,6,6,6,6,6,6,6,6,6,6,6,6,6,6,6,6,3,2,3,3,3,4,3,3,3,3,4,4,2
1070,2024-08-26 9:34:35,2024-08-26 9:55:10,anonymous,,"Si, autorizo",36,Hombre,5,0,Bachiller,Urbana,Cundinamarca,Ubaté,2,Agroindustrial,Privado,4,0,No hay Información,,2,5,0,2,,2,1,17.0,1,3,4,1,3,1,3,7,4,4,7,3,3,2,4,4,4,7,7,7,7,3,1,1,3.240418118,7,6,6,7,3,7,2.341463415,2.0,5.0,5.0,5.0,5.0,5.0,0.0,5.0,5.0,5.0,5.0,0.0,0.0,0.0,1,1,1,1,1,1,1,1,1,1,2,2,2,1,1,1,1,2,2,1,1,1,7,7,7,7,7,7,7,7,7,6,6,6,7,6,6,6,6,6,6,7,7,7,7,7,7,7,7,7,7,7,1,4,2,1,4,2,1,4,1,1,2,1,1
818,2024-08-16 9:39:43,2024-08-16 10:00:15,anonymous,,"Si, autorizo",31,Mujer,4,2,Bachiller,Urbana,Cundinamarca,Zipaquirá,2,Agroindustrial,Privado,4,0,No hay Información,,2,5,0,2,,2,1,1.0,4,4,7,1,2,1,1,7,7,7,7,6,6,6,2,2,3,7,7,7,6,4,4,2,3.240418118,6,6,7,7,7,7,2.341463415,4.0,4.0,5.0,5.0,5.0,5.0,5.0,5.0,5.0,5.0,5.0,0.0,0.0,0.0,1,1,1,1,1,1,4,4,3,1,2,1,2,1,1,1,1,1,3,2,1,2,7,7,7,7,4,7,7,7,7,7,7,7,7,7,7,7,7,7,7,7,7,7,6,7,7,7,6,6,7,7,2,4,4,4,4,2,2,4,4,4,4,3,2
327,2024-08-08 7:17:15,2024-08-08 7:52:38,anónimo,,"Si, autorizo",47,Mujer,4,2,Primaria,Urbana,Cundinamarca,Gachancipá,2,Agroindustrial,Privado,4,0,No hay información,,2,5,0,5,,2,1,4.0,3,3,1,2,2,3,4,3,6,3,7,7,7,7,5,4,7,7,7,7,4,4,4,7,3.240418118,7,7,5,7,7,7,2.341463415,5.0,5.0,5.0,5.0,5.0,5.0,5.0,5.0,5.0,5.0,0.0,0.0,0.0,0.0,1,1,1,1,1,1,1,1,1,Alguna Veces,2,3,4,1,1,1,1,1,1,2,2,2,7,7,7,7,4,7,7,7,7,7,4,4,7,7,4,7,7,7,7,7,7,7,7,7,7,7,7,7,7,7,2,1,1,4,4,4,2,4,2,4,4,4,1
2102,2024-10-10 10:40:36,2024-10-10 11:09:27,anonymous,,"Si, autorizo",20,Hombre,3,0,Bachiller,Urbana,CUNDINAMARCA,Zipaquirá,1,Agroindustrial,Privado,4,0,Indefinido,,2,5,0,1,,2,1,120.0,4,3,5,1,4,3,1,7,7,7,7,7,7,6,7,7,7,7,6,7,7,2,2,2,3.240418118,7,7,6,6,7,7,2.341463415,5.0,5.0,5.0,4.0,5.0,5.0,3.0,5.0,5.0,5.0,5.0,0.0,0.0,0.0,1,1,1,1,5,1,1,1,1,3,2,2,2,2,1,1,2,2,1,1,1,1,7,7,7,7,6,7,7,7,7,7,7,7,6,7,7,7,7,7,7,6,6,6,7,7,7,7,7,6,6,7,4,2,1,4,2,2,2,4,4,2,2,2,2
1321,2024-08-26 13:15:29,2024-08-26 13:42:36,anonymous,,"Si, autorizo",25,Hombre,3,0,Bachiller,Urbana,Cundinamarca,Ubaté,2,Agroindustrial,Privado,4,0,No hay Información,,2,5,0,2,,2,1,31.0,2,5,5,2,2,3,2,5,5,5,6,6,6,4,5,5,5,6,7,7,5,3,1,1,3.240418118,6,5,6,6,1,1,2.341463415,2.0,4.0,4.0,4.0,4.0,4.0,4.0,4.0,4.0,4.0,2.0,3.0,4.0,3.0,5,2,2,2,2,2,3,2,2,5,2,2,2,2,2,2,2,2,2,2,2,2,6,6,6,6,5,5,5,6,6,6,6,6,6,6,6,6,6,6,6,6,6,6,6,6,6,6,6,6,6,6,1,1,1,2,2,2,2,4,2,2,2,2,2
1628,2024-08-30 9:36:54,2024-08-30 10:00:05,anonymous,,"Si, autorizo",28,Hombre,3,0,Bachiller,Urbana,Cundinamarca,Zipaquirá,2,Agroindustrial,Privado,4,0,No hay Información,,2,5,0,4,,2,1,62.0,7,6,7,1,4,2,1,7,7,7,7,7,6,7,6,6,7,7,7,7,7,4,7,1,3.240418118,6,4,7,6,2,2,2.341463415,1.0,4.0,5.0,5.0,5.0,5.0,5.0,5.0,5.0,4.0,5.0,0.0,0.0,0.0,1,1,1,1,1,1,1,1,1,6,1,1,1,1,1,1,1,1,1,1,1,1,7,7,7,7,7,7,7,7,7,7,7,7,7,7,7,7,7,7,7,7,7,7,7,7,7,7,7,7,7,7,2,2,1,1,2,1,1,1,1,1,1,1,1
969,2024-08-22 10:16:20,2024-08-22 10:33:15,anonymous,,"Si, autorizo",38,Hombre,2,1,Técnico,Rural,Cundinamarca,Gachancipá,2,Agroindustrial,Privado,4,0,No hay Información,45.0,2,5,0,3,,2,1,72.0,2,3,2,1,1,1,1,7,7,6,6,6,6,5,5,5,4,7,7,6,6,2,2,1,3.240418118,6,6,5,5,6,5,2.341463415,3.0,4.0,4.0,4.0,4.0,5.0,3.0,5.0,4.0,4.0,5.0,1.0,0.0,0.0,1,1,1,1,2,1,2,2,2,3,2,2,2,3,1,1,3,2,3,2,1,2,6,6,6,5,5,6,6,6,6,5,5,6,6,6,7,6,6,6,7,7,6,6,5,5,6,6,6,5,7,6,2,2,4,2,2,1,1,4,2,2,4,1,1
1315,2024-08-26 13:03:35,2024-08-26 13:35:38,anonymous,,"Si, autorizo",50,Hombre,1,2,Bachiller,Urbana,Cundinamarca,Ubaté,1,Agroindustrial,Privado,4,0,No hay Información,,2,5,0,5,,2,1,31.0,1,1,1,1,1,1,1,1,4,4,1,1,1,1,1,2,1,7,7,7,7,1,7,3,3.240418118,5,7,4,3,1,1,2.341463415,0.0,5.0,5.0,5.0,5.0,5.0,5.0,5.0,5.0,5.0,5.0,0.0,0.0,0.0,1,1,1,1,1,1,1,1,1,1,3,3,3,3,1,1,1,1,1,1,1,1,7,7,7,7,7,7,7,7,7,7,7,7,7,7,7,7,7,7,7,7,7,7,7,7,7,7,7,7,7,7,1,1,1,1,1,4,4,4,4,4,4,4,1
1882,2024-09-26 10:00:46,2024-09-26 10:41:27,anonymous,,"Si, autorizo",24,Hombre,4,1,Técnico,Urbana,CUNDINAMARCA,Chocontá,2,Agroindustrial,Privado,4,0,Indefinido,,2,5,0,2,,2,1,10.0,4,2,3,3,5,4,4,4,2,2,2,2,1,1,2,2,1,6,6,2,6,4,4,4,3.240418118,5,4,4,4,1,1,2.341463415,2.0,4.0,0.0,0.0,2.0,3.0,5.0,4.0,3.0,0.0,0.0,0.0,0.0,1.0,7,7,1,2,3,6,3,1,2,3,5,3,5,4,4,3,3,3,3,3,2,2,2,3,4,2,3,3,1,3,3,4,3,2,3,3,4,3,3,3,3,4,3,3,3,5,3,3,3,3,2,3,3,3,7,5,4,4,4,6,7,6,2,4,2
1206,2024-08-26 11:36:35,2024-08-26 12:11:27,anonymous,,"Si, autorizo",38,Mujer,3,1,Bachiller,Urbana,Cundinamarca,Sutatausa,2,Agroindustrial,Privado,4,0,No hay Información,,2,5,0,4,,2,1,17.0,4,3,4,2,1,2,2,4,5,6,4,2,2,2,1,2,2,5,7,7,7,1,2,2,3.240418118,3,6,5,2,3,3,2.341463415,3.0,4.0,3.0,5.0,4.0,5.0,5.0,5.0,5.0,5.0,5.0,0.0,0.0,0.0,2,2,1,1,1,1,2,2,3,1,3,2,3,2,2,2,2,2,2,2,3,2,5,6,7,7,7,6,6,7,7,7,6,7,7,7,7,6,6,5,6,6,6,5,6,7,6,7,7,6,7,5,2,4,2,4,3,2,1,4,2,2,2,4,2
1493,2024-08-29 11:14:14,2024-08-29 11:56:02,anonymous,,"Si, autorizo",37,Mujer,3,2,Primaria,Rural,Cundinamarca,Tocancipá,1,Agroindustrial,Privado,4,0,No hay Información,,1,5,0,5,,2,1,15.0,2,3,1,4,4,5,4,4,4,4,4,4,2,2,4,4,2,7,7,7,6,1,4,4,3.240418118,4,4,2,2,4,2,2.341463415,2.0,5.0,3.0,3.0,2.0,1.0,3.0,3.0,3.0,0.0,3.0,3.0,0.0,0.0,1,1,1,1,1,4,5,5,5,6,3,3,3,3,1,1,2,2,1,1,1,3,4,5,4,5,4,4,5,6,5,6,6,6,6,6,6,6,6,6,6,7,6,7,7,6,7,6,6,6,7,7,4,4,4,5,5,1,4,4,1,4,1,4,4
1222,2024-08-26 11:46:35,2024-08-26 12:15:48,anonymous,,"Si, autorizo",52,Mujer,2,4,Bachiller,Urbana,Cundinamarca,Ubaté,2,Agroindustrial,Privado,4,0,No hay Información,,1,5,0,7,,2,1,17.0,1,4,3,1,2,1,2,5,2,3,3,2,1,1,2,2,3,5,7,7,3,2,3,1,3.240418118,1,3,2,3,1,1,2.341463415,0.0,5.0,4.0,3.0,5.0,5.0,0.0,5.0,5.0,5.0,5.0,4.0,,0.0,4,2,1,3,4,4,4,4,4,5,3,3,3,2,1,3,1,3,2,3,3,3,2,2,2,1,2,2,2,3,2,5,2,3,4,6,6,5,2,4,2,4,6,3,3,3,6,6,6,6,6,6,4,6,4,7,7,4,6,6,6,2,4,4,4
1664,2024-08-30 10:01:47,2024-08-30 10:42:40,anonymous,,"Si, autorizo",43,Hombre,4,2,Primaria,Urbana,Cundinamarca,Zipaquirá,1,Agroindustrial,Privado,4,0,No hay Información,,2,5,0,2,,2,1,62.0,7,7,7,1,1,1,1,7,7,7,7,7,7,7,7,7,7,7,7,7,7,1,7,3,3.240418118,7,7,7,7,7,7,2.341463415,5.0,5.0,5.0,5.0,5.0,5.0,5.0,5.0,5.0,5.0,5.0,0.0,0.0,0.0,1,1,1,1,1,1,1,1,1,1,1,1,1,1,1,1,1,1,1,1,1,1,7,7,7,7,7,7,7,7,7,7,7,7,7,7,7,7,7,7,7,7,7,7,7,7,7,7,7,7,7,7,1,1,1,1,1,1,1,1,1,1,1,1,1
2182,2024-10-18 9:24:36,2024-10-18 9:55:36,anonymous,,"Si, autorizo",20,Hombre,3,0,Bachiller,Urbana,CUNDINAMARCA,Chía,1,Agroindustrial,Privado,4,0,Indefinido,,2,5,0,1,,2,1,8.0,3,5,5,4,2,4,5,5,3,5,4,6,4,5,4,3,2,5,7,7,6,4,3,3,3.240418118,5,5,4,4,2,2,2.341463415,2.0,4.0,4.0,4.0,3.0,4.0,3.0,5.0,3.0,3.0,5.0,2.0,1.0,1.0,5,4,2,4,3,3,4,4,5,2,3,3,4,4,3,2,2,3,3,2,2,3,6,4,5,6,6,5,6,5,5,5,5,5,5,5,7,7,7,7,7,7,5,6,5,6,6,7,5,6,7,6,2,3,4,6,6,3,4,5,4,4,4,4,4
773,2024-08-16 8:36:00,2024-08-16 8:58:15,anonymous,,"Si, autorizo",25,Hombre,3,0,Bachiller,Urbana,Cundinamarca,Cogua,2,Agroindustrial,Privado,4,0,No hay Información,,1,5,0,2,,2,1,20.0,1,4,5,1,2,2,1,6,6,5,5,6,6,6,6,6,4,5,4,6,7,4,2,1,3.240418118,4,3,5,5,5,6,2.341463415,4.0,4.0,4.0,3.0,5.0,4.0,3.0,4.0,3.0,5.0,4.0,0.0,1.0,0.0,2,2,1,1,1,3,3,3,3,5,3,3,3,2,2,1,2,1,2,2,2,1,5,6,4,4,5,5,4,3,6,4,4,5,6,6,7,6,5,6,5,6,6,6,6,6,7,6,6,6,7,7,2,4,3,4,4,4,2,3,4,2,2,2,2
1399,2024-08-29 9:13:11,2024-08-29 9:35:55,anonymous,,"Si, autorizo",24,Mujer,3,1,Bachiller,Urbana,Cundinamarca,Chocontá,1,Agroindustrial,Privado,4,0,No hay Información,,1,5,0,3,,2,1,8.0,2,2,3,2,3,5,3,1,2,2,3,2,2,1,3,2,3,7,7,7,7,5,7,7,3.240418118,5,5,2,3,3,3,2.341463415,2.0,5.0,1.0,1.0,4.0,2.0,1.0,5.0,3.0,3.0,2.0,3.0,3.0,2.0,2,2,2,2,2,2,5,5,5,5,5,4,5,4,4,3,3,3,2,2,2,2,2,2,2,2,2,2,2,5,2,6,5,1,6,2,2,6,6,4,4,4,3,7,6,6,4,3,2,6,7,6,4,3,6,6,6,4,5,3,3,5,4,6,6
1350,2024-08-29 7:54:29,2024-08-29 7:54:35,anonymous,,"Si, autorizo",51,Mujer,4,1,Bachiller,Urbana,Cundinamarca,Zipaquirá,2,Agroindustrial,Privado,4,0,No hay Información,,1,5,0,7,,2,1,15.0,3,4,4,2,1,3,1,4,3,4,5,4,3,4,4,2,1,7,7,7,7,1,4,1,3.240418118,4,4,4,4,4,2,2.341463415,2.0,0.0,3.0,3.0,5.0,5.0,5.0,5.0,5.0,3.0,5.0,0.0,0.0,0.0,1,1,1,1,1,4,4,1,7,7,2,3,3,4,3,3,3,3,3,1,1,1,4,5,6,3,5,7,4,6,7,7,7,7,3,7,7,7,7,7,7,7,5,3,4,2,7,6,5,3,7,3,6,7,7,7,7,2,4,7,4,4,2,7,4
138,2024-04-05 7:54:44,2024-04-05 8:07:04,anonymous,,"Si, autorizo",25,Hombre,3,0,Profesional,Urbana,BOGOTÁ D.C.,Bogota D.C.,3,Educativo,Privado,4,0,Indefinido,40.0,3,1,0,2,1.0,2,1,0.0,5,5,6,2,2,2,2,6,6,5,5,5,6,6,5,5,5,5,5,5,6,3,3,2,4.0,4,5,6,5,2,2,2.0,1.0,3.0,4.0,4.0,4.0,4.0,4.0,4.0,3.0,4.0,4.0,3.0,1.0,2.0,1,1,1,1,1,1,1,1,1,1,2,2,2,1,1,1,2,1,1,1,1,1,6,6,6,6,6,6,5,6,6,5,6,5,6,7,6,6,6,6,5,7,6,6,6,5,6,6,5,5,5,5,2,3,5,1,1,2,2,2,2,2,2,2,2
256,2024-04-29 9:45:53,2024-04-29 10:08:34,anonymous,,"Si, autorizo",46,Mujer,3,1,Posgrado,Urbana,BOYACÁ,Tunja,5,Gobierno,Público,5,0,Termino Indefinido,40.0,3,6,1,6,10.0,2,1,80.0,2,2,5,1,2,1,3,6,6,6,7,7,7,7,7,7,7,7,7,7,7,6,1,3,1.0,3,3,4,5,2,2,2.0,1.0,5.0,5.0,5.0,4.0,4.0,4.0,5.0,5.0,5.0,5.0,0.0,0.0,0.0,1,1,1,1,1,1,1,1,1,1,2,2,3,2,1,1,1,1,2,1,1,1,6,6,6,4,5,6,6,6,6,6,6,6,6,6,7,6,7,7,7,7,7,7,7,7,7,6,6,6,7,7,4,4,4,4,3,4,2,4,3,2,1,2,2
1524,2024-08-30 7:45:10,2024-08-30 8:08:33,anonymous,,"Si, autorizo",22,Mujer,3,0,Tecnológico,Urbana,Cundinamarca,Zipaquirá,3,Agroindustrial,Privado,4,0,No hay Información,,1,5,0,1,,2,1,15.0,1,4,1,1,2,1,1,7,7,7,7,7,7,7,4,4,3,7,7,7,7,1,1,1,3.240418118,7,7,7,4,2,2,2.341463415,1.0,5.0,3.0,3.0,4.0,5.0,3.0,5.0,4.0,0.0,3.0,4.0,4.0,4.0,1,1,1,1,1,1,1,1,1,1,3,5,2,2,1,1,2,2,2,2,1,1,5,5,5,5,5,5,5,5,6,5,6,5,5,5,5,4,5,5,6,5,5,5,7,7,5,5,5,5,5,6,2,5,5,5,5,1,1,4,6,2,2,2,2
984,2024-08-22 10:12:07,2024-08-22 10:41:41,anonymous,,"Si, autorizo",36,Mujer,3,2,Bachiller,Rural,Cundinamarca,Zipaquirá,1,Agroindustrial,Privado,4,0,No hay Información,,2,5,0,2,,2,1,5.0,1,3,4,1,1,1,1,5,6,5,7,6,4,6,4,4,2,7,6,7,6,1,1,1,3.240418118,6,6,6,6,7,7,2.341463415,4.0,5.0,5.0,5.0,5.0,5.0,3.0,5.0,5.0,4.0,4.0,4.0,4.0,0.0,5,1,1,1,1,1,1,1,3,1,2,1,1,1,1,1,1,2,2,3,2,2,5,5,3,6,6,6,5,6,6,6,5,5,5,6,6,6,6,5,6,6,6,6,6,6,5,5,5,5,5,5,4,4,1,4,4,1,2,4,2,4,1,2,2
947,2024-08-22 9:17:34,2024-08-22 9:55:14,anonymous,,"Si, autorizo",51,Mujer,3,4,Bachiller,Urbana,Cundinamarca,Zipaquirá,2,Agroindustrial,Privado,4,0,No hay Información,,2,5,0,6,,2,1,15.0,3,3,6,1,3,2,3,3,3,4,4,7,4,3,4,4,2,7,7,7,7,1,7,1,3.240418118,7,7,7,3,4,2,2.341463415,2.0,5.0,5.0,4.0,5.0,5.0,5.0,5.0,5.0,4.0,4.0,1.0,1.0,1.0,2,2,1,1,5,5,5,5,5,5,3,3,3,2,1,1,1,2,2,2,1,3,7,7,7,7,5,6,6,6,6,6,5,6,7,7,7,7,7,7,7,7,6,6,7,7,7,7,7,7,7,7,4,3,4,4,6,4,4,4,4,4,2,2,2
1198,2024-08-26 11:36:31,2024-08-26 12:08:53,anonymous,,"Si, autorizo",20,Mujer,4,0,Primaria,Urbana,Cundinamarca,Ubaté,2,Agroindustrial,Privado,4,0,Indefinido,,2,5,0,2,,2,1,17.0,1,2,5,1,2,2,5,6,3,3,4,5,3,2,3,3,2,5,6,7,6,1,1,1,3.240418118,5,2,2,4,4,3,2.341463415,1.0,4.0,3.0,4.0,3.0,4.0,3.0,4.0,4.0,4.0,3.0,0.0,0.0,0.0,3,1,1,1,1,1,1,1,1,7,3,2,2,1,3,1,1,1,1,1,1,1,6,6,4,6,7,7,6,7,6,6,6,6,3,6,6,6,6,6,6,6,6,6,6,7,6,5,6,6,7,4,2,4,2,2,2,2,2,2,2,4,2,4,2
674,2024-08-15 10:07:13,2024-08-15 10:43:49,anonymous,,"Si, autorizo",30,Hombre,4,3,Bachiller,Urbana,Cundinamarca,Zipaquirá,1,Agroindustrial,Privado,4,0,No hay Información,,2,5,0,3,,2,1,15.0,4,4,4,4,4,2,1,2,3,7,3,6,3,3,2,2,2,7,7,7,7,1,2,2,3.240418118,7,7,4,2,2,3,2.341463415,1.0,5.0,5.0,5.0,4.0,4.0,0.0,5.0,5.0,1.0,3.0,3.0,1.0,3.0,1,1,1,1,1,1,3,1,5,5,3,3,3,2,2,1,1,1,2,1,2,2,6,6,6,6,6,6,5,7,7,7,6,5,6,7,6,6,6,7,6,7,6,7,5,5,6,6,6,7,7,5,4,4,4,4,4,2,4,4,4,4,2,4,2
656,2024-08-15 10:06:38,2024-08-15 10:34:56,anonymous,,"Si, autorizo",19,Mujer,3,0,Tecnológico,Urbana,Cundinamarca,Zipaquirá,2,Agroindustrial,Privado,4,0,No hay Información,,2,5,0,1,,2,1,15.0,1,1,3,1,2,1,1,5,4,5,6,6,3,2,6,6,6,6,7,7,7,4,1,1,3.240418118,5,1,1,6,3,1,2.341463415,0.0,4.0,4.0,3.0,4.0,4.0,3.0,4.0,5.0,3.0,2.0,2.0,3.0,2.0,4,4,1,1,1,1,1,1,1,7,3,3,3,3,1,1,1,3,3,2,1,1,5,4,4,5,5,4,4,5,5,5,5,5,5,5,6,5,5,5,6,6,5,5,6,7,5,6,5,6,6,6,4,4,3,3,3,4,4,4,4,4,4,4,4
195,2024-04-11 9:46:40,2024-04-11 10:14:52,anonymous,,"Si, autorizo",37,Mujer,3,2,Posgrado,Urbana,BOYACÁ,Tunja,3,Gobierno,Público,1,0,Termino Indefinido,40.0,3,6,0,4,1.0,2,1,40.0,6,6,7,1,4,3,7,4,2,3,5,7,6,6,3,3,2,5,7,7,7,4,1,1,3.0,3,1,5,3,1,1,1.0,0.0,5.0,4.0,5.0,5.0,4.0,5.0,5.0,5.0,3.0,5.0,0.0,0.0,0.0,1,1,1,1,1,7,6,4,6,7,4,5,5,2,2,1,1,1,1,2,1,1,6,3,4,6,5,6,6,6,6,5,4,6,3,6,7,6,7,6,6,7,7,7,6,7,6,6,4,7,7,7,4,5,3,6,7,7,3,7,7,2,2,1,2
1831,2024-09-26 8:27:28,2024-09-26 9:07:24,anonymous,,"Si, autorizo",46,Mujer,4,1,Primaria,Rural,CUNDINAMARCA,Sesquilé,2,Agroindustrial,Privado,4,0,Indefinido,,1,5,0,7,,2,1,30.0,3,3,2,1,1,1,1,7,7,3,7,7,3,3,3,3,4,7,7,7,7,4,1,1,3.240418118,7,7,4,4,7,1,2.341463415,1.0,5.0,5.0,5.0,5.0,5.0,5.0,5.0,5.0,2.0,5.0,0.0,0.0,0.0,4,1,1,1,1,1,1,1,1,1,1,3,3,1,1,1,1,1,1,1,1,1,7,7,7,7,7,7,7,7,7,7,7,7,7,7,7,7,7,7,7,7,7,7,7,7,7,7,7,7,7,7,7,7,4,4,4,4,7,7,7,4,7,1,4
815,2024-08-16 9:38:40,2024-08-16 9:56:33,anonymous,,"Si, autorizo",23,Hombre,3,0,Bachiller,Urbana,Cundinamarca,Zipaquirá,2,Agroindustrial,Privado,4,0,No hay Información,,2,5,0,2,,2,1,47.0,4,6,2,2,2,2,3,7,7,7,7,7,7,7,4,7,7,7,7,7,7,2,2,1,3.240418118,6,6,7,5,1,7,2.341463415,1.0,5.0,1.0,1.0,3.0,4.0,0.0,3.0,2.0,3.0,3.0,3.0,1.0,1.0,1,1,1,1,2,5,3,3,1,7,3,4,4,4,3,1,3,2,2,2,1,1,3,4,4,4,4,4,7,4,4,5,4,6,4,4,5,3,4,3,5,5,3,6,5,3,3,3,5,6,4,4,4,4,4,4,3,4,4,6,3,3,5,5,4
429,2024-08-08 9:14:56,2024-08-08 10:01:29,anónimo,,"Si, autorizo",42,Mujer,2,3,Primaria,Rural,Cundinamarca,Tocancipá,2,Agroindustrial,Privado,4,0,Indefinido,,2,5,0,6,,2,1,10.0,4,7,1,3,2,4,4,2,3,4,3,2,1,2,2,2,7,7,7,4,4,2,3,7,3.240418118,6,3,5,2,3,7,2.341463415,4.0,4.0,3.0,5.0,5.0,5.0,5.0,5.0,5.0,0.0,0.0,0.0,0.0,0.0,1,1,1,1,1,4,4,1,1,A menudo,3,3,3,3,1,3,3,3,3,3,1,1,7,6,7,7,5,7,7,7,7,7,7,7,7,7,7,7,7,7,7,7,2,6,3,3,7,6,7,7,7,7,5,7,5,7,6,4,3,6,5,1,4,4,4
